题型,题目,选项A,选项B,选项C,选项D,选项E,答案,解析
单选,“十五五”时期经济社会发展，必须坚持以（）为根本动力？,扩大内需,高水平对外开放,改革创新,传统要素驱动,,C,来源：理论知识测试内容（二）
单选,全会强调，“十五五”时期推动经济发展，需要实现（）？,量的快速提升和质的合理增长,质的快速提升和量的合理增长,速度与质量并重,投资与消费同步增长,,B,来源：理论知识测试内容（二）
单选,以下哪一项不属于“十五五”时期经济社会发展必须遵循的原则是（）？,坚持党的全面领导,坚持高速增长优先,坚持统筹发展和安全,坚持有效市场和有为政府相结合,,B,来源：理论知识测试内容（二）
单选,党的二十届四中全会指出，实现社会主义现代化是一个（）递进、不断发展进步的历史过程。,互动式,螺旋式,阶梯式,渗透式,,C,来源：理论知识测试内容（二）
单选,全会指出，“十五五”时期是基本实现社会主义现代化（）的关键时期。,统筹布局、重点突破,系统谋划、精准施策,夯实基础、全面发力,筑牢根基、激发动能,,C,来源：理论知识测试内容（二）
单选,要围绕全面建成社会主义现代化强国、实现第二个百年奋斗目标，以( )全面推进中华民族伟大复兴。,中国式现代化,中国特色社会主义,全体人民共同富裕,中华民族伟大复兴,,A,来源：理论知识测试内容（二）
单选,坚持以经济建设为中心，以( )为主题，以改革创新为根本动力。,推动高质量发展,改革创新,满足人民日益增长的美好生活,全面从严治党,,A,来源：理论知识测试内容（二）
单选,关于“十五五”时期经济社会发展必须遵循的原则，下列说法不正确的是( )。,坚持人民至上,坚持全面深化改革,坚持高质量发展,坚持总体国家安全观,,D,来源：理论知识测试内容（二）
单选,党的二十届四中全会提出了“十五五”时期经济社会发展的主要目标，下列表述不正确的是( )。,高质量发展取得显著成效,科技自立自强水平大幅提高,进一步全面依法治国取得新突破,社会文明程度明显提升,,C,来源：理论知识测试内容（二）
单选,坚持把发展经济的着力点放在实体经济上，坚持( )方向。,数字化、高端化、平台化,精细化、规范化、标准化,智能化、绿色化、融合化,产业化、网络化、全球化,,C,来源：理论知识测试内容（二）
单选,加快建设制造强国、质量强国、航天强国、交通强国、网络强国，保持( )合理比重。,服务业,制造业,信息业,金融业,,B,来源：理论知识测试内容（二）
单选,抓住新一轮科技革命和产业变革历史机遇，统筹( )建设，提升国家创新体系整体效能。,交通强国、网络强国、信息强国,教育强国、科技强国、人才强国,制造强国、质量强国、航天强国,产业强国、网络强国、人才强国,,B,来源：理论知识测试内容（二）
单选,全面增强自主创新能力，抢占科技发展制高点，不断催生( )。,新质生产力,现代化产业,绿色驱动力,数字经济,,A,来源：理论知识测试内容（二）
单选,坚持( )这个战略基点，坚持惠民生和促消费、投资于物和投资于人紧密结合。,改善民生,扩大内需,放宽限制,科技创新,,B,来源：理论知识测试内容（二）
单选,要大力提振消费，扩大有效投资，坚决破除阻碍( )建设卡点堵点。,全国统一大市场,区域一体化市场,国家高标准市场,公共资源交易市场,,A,来源：理论知识测试内容（二）
单选,坚持和完善社会主义基本经济制度，更好发挥( )牵引作用，完善宏观经济治理体系。,社会体制改革,政治体制改革,经济体制改革,文化体制改革,,C,来源：理论知识测试内容（二）
单选,要充分激发各类经营主体活力，加快完善( )体制机制，提升宏观经济治理效能。,资源统一化调控,资源动态化调控,要素标准化配置,要素市场化配置,,D,来源：理论知识测试内容（二）
单选,稳步扩大( )，维护多边贸易体制，拓展国际循环。,制度型开放,流动型开放,高水平开放,高标准开放,,A,来源：理论知识测试内容（二）
单选,要积极扩大自主开放，推动贸易创新发展，拓展双向投资合作空间，高质量共建( )。,全球发展综合体,“一带一路”,命运共同体,经济全球化,,B,来源：理论知识测试内容（二）
单选,坚持（）作为全党工作重中之重，促进城乡融合发展，持续巩固拓展脱贫攻坚成果。,解决好“三农”问题,农业农村优先发展,提升乡村产业发展水平,确保国家粮食安全,,A,来源：理论知识测试内容（二）
单选,要增强区域发展( )，促进区域联动发展，优化国土空间发展格局。,前瞻性,全局性,主动性,协调性,,D,来源：理论知识测试内容（二）
单选,要弘扬和践行( )，大力繁荣文化事业，加快发展文化产业，提升中华文明传播力影响力。,新发展理念,社会主义核心价值观,中华传统美德,大同社会理念,,B,来源：理论知识测试内容（二）
单选,坚持尽力而为、量力而行，加强( )民生建设，解决好人民群众急难愁盼问题。,科学性、规范性、先进性,长期性、有效性、针对性,根本性、全局性、战略性,普惠性、基础性、兜底性,,D,来源：理论知识测试内容（二）
单选,要促进( )，完善收入分配制度，办好人民满意的教育，健全社会保障体系。,高标准完全就业,高水平充分就业,高质量充分就业,高起点完全就业,,C,来源：理论知识测试内容（二）
单选,推动房地产高质量发展，加快建设健康中国，促进人口高质量发展，稳步推进基本公共服务( )。,均等化,优质化,可及化,社会化,,A,来源：理论知识测试内容（二）
单选,牢固树立和践行绿水青山就是金山银山的理念，以( )为牵引，协同推进降碳、减污、扩绿、增长。,巴黎协定,碳达峰碳中和,国家自主贡献,生态保护红线,,B,来源：理论知识测试内容（二）
单选,坚定不移贯彻( )，走中国特色社会主义社会治理之路，确保社会生机勃勃又井然有序。,全球治理倡议,全球安全倡议,总体国家安全观,总体社会治理观,,C,来源：理论知识测试内容（二）
单选,要健全国家安全体系，加强( )国家安全能力建设，提高公共安全治理水平。,关键地带,核心环节,重点领域,全局方面,,C,来源：理论知识测试内容（二）
单选,"坚持党对人民军队绝对领导，贯彻军委主席负责制,按照国防和军队现代化( )。",“两步走”战略,新“两步走”战略,“三步走”战略,新“三步走”战略,,D,来源：理论知识测试内容（二）
单选,贯彻习近平强军思想，贯彻新时代军事战略方针，加快( )融合发展。,自动化数字化绿色化,机械化信息化智能化,现代化规范化市场化,集成化多元化协同化,,B,来源：理论知识测试内容（二）
单选,要加快( )建设，推进军事治理现代化，巩固提高一体化国家战略体系和能力。,装备现代化,联合作战力,先进战斗力,信息压制力,,C,来源：理论知识测试内容（二）
单选,坚持以党的( )引领社会革命，持之以恒推进全面从严治党。,自我净化,自我完善,自我提升,自我革命,,D,来源：理论知识测试内容（二）
单选,要坚持和加强( )，推进社会主义民主法治建设，充分调动全社会投身中国式现代化建设。,正风肃纪反腐,党中央集中统一领导,解决大党独有难题,引领伟大社会革命,,B,来源：理论知识测试内容（二）
单选,坚定不移推动高质量发展，加快构建新发展格局，更好统筹( )。,短期和长期,整体和局部,发展和安全,风险和挑战,,C,来源：理论知识测试内容（二）
单选,( )越有效，经济社会发展的保障就越有力。,深化改革,管党治党,民生改善,法治建设,,B,来源：理论知识测试内容（二）
单选,必须以( )的坚韧和执着，持之以恒推进全面从严治党。,砥砺前行、接续奋斗,愚公移山,永远在路上,滴水穿石,,C,来源：理论知识测试内容（二）
单选,要切实抓好民生保障，加强稳岗促就业工作，解决好人民群众( )。,操心事烦心事揪心事,急难愁盼问题,痛点难点堵点,关键小事与头等大事,,B,来源：理论知识测试内容（二）
单选,党的二十届四中全会部署了12项“十五五”时期重点任务，下列表述不正确的是( )。,建设现代化产业体系,加快高水平科技自立自强,建设强大国际市场,加快构建高水平社会主义市场经济体制,,C,来源：理论知识测试内容（二）
单选,习近平指出，( )是高质量发展的战略支撑。,高水平科技自立自强,现代化产业体系,适宜的宏观政策和制度环境,教育科技人才一体发展,,A,来源：理论知识测试内容（二）
单选,习近平指出，要把( )作为根本价值取向，坚持在发展中保障和改善民生。,乡村振兴,造福人民,脱贫攻坚,促进就业,,B,来源：理论知识测试内容（二）
单选,在加强基础研究、提高自主创新特别是( )能力上持续用力。,原始创新,二次创新,协同创新,区域创新,,A,来源：理论知识测试内容（二）
单选,无论外部环境怎么变化，都要( )。,提高发展质量和韧性,妥善防范化解风险,全面贯彻新发展理念,集中力量办好自己的事,,D,来源：理论知识测试内容（二）
单选,《建议》共有( )，分为三大板块。,10个部分、30条,12个部分、42条,15个部分、61条,18个部分、70条,,C,来源：理论知识测试内容（二）
单选,《中共中央关于制定国民经济和社会发展第十五个五年规划的建议》明确把“( )”摆在战略任务的第一条。,加快高水平科技自立自强,加大保障和改善民生力度,建设强大国内市场,建设现代化产业体系,,D,来源：理论知识测试内容（二）
单选,总结“十四五”时期我国发展取得重大成就，下列说法不正确的是( )。,经济运行稳中有进,科技创新成果丰硕,全面深化改革进一步推进,全方位人民民主深入发展,,D,来源：理论知识测试内容（二）
单选,关于我国面临的国际环境，下列说法不正确的是( )。,世界百年变局加速演进,世界变乱交织、动荡加剧,单边主义、保护主义抬头,国际经济贸易秩序遇到严峻挑战，世界经济增长动能强劲,,D,来源：理论知识测试内容（二）
单选,关于我国面临的国内环境，下列说法不正确的是( )。,发展不平衡不充分问题仍然突出,有效需求不足,生态环境变化给经济发展、社会治理等提出新课题,就业和居民收入增长压力较大,,C,来源：理论知识测试内容（二）
单选,在( )中拓展发展空间，推动经济和社会协调发展、物质文明和精神文明相得益彰。,增强战略定力,满足民生需求,推进民族复兴,全面深化改革,,B,来源：理论知识测试内容（二）
单选,以( )引领发展，因地制宜发展新质生产力，做强国内大循环。,新发展理念,数字化理念,网络化理念,融合化理念,,A,来源：理论知识测试内容（二）
单选,构建统一、开放、竞争、有序的市场体系，建设( )。,低碳经济、循环经济,平台经济、共享经济,法治经济、信用经济,绿色经济、开放经济,,C,来源：理论知识测试内容（二）
单选,习近平总书记关于党的自我革命的重要思想深刻回答了我们党( )的重大问题。,为什么能自我革命,为什么要自我革命,怎样推进自我革命,以上都是,,B,来源：理论知识测试内容（参考）
单选,习近平新时代中国特色社会主义思想...是全党全国各族人民创新创造的( )。,理论创新,实践创新,理论创新和实践创新,经济发展,,C,来源：理论知识测试内容（参考）
单选,中国化时代化的马克思主义的“魂脉”和“根脉”是( )。,马克思主义和中华优秀传统文化,共产主义社会理想,全人类共同价值,共产主义远大理想,,A,来源：理论知识测试内容（参考）
单选,把培育和践行( )作为凝魂聚气、强基固本的基础工程。,社会主义荣辱观,民族精神和时代精神,社会主义核心价值观,中国特色社会主义共同理想,,C,来源：理论知识测试内容（参考）
单选,( )是马克思主义的本质属性，人民立场是中国共产党的根本政治立场。,人民性,革命性,时代性,实践性,,A,来源：理论知识测试内容（参考）
单选,健全社会工作体制机制...加强( )建设，推动志愿服务体系建设。,基层干部队伍,社会工作者队伍,村社后备人才队伍,村社书记队伍,,B,来源：理论知识测试内容（参考）
单选,在深入推进党的自我革命实践中...以( )为战略目标。,解决大党独有难题,跳出历史周期率,锻造坚强组织,健全全面从严治党体系,,D,来源：理论知识测试内容（参考）
单选,守正，守的是( )。,马克思主义根本制度,“两个结合”根本要求,文化领导权,以上都是,,D,来源：理论知识测试内容（参考）
单选,( )是共产党区别于其他任何政党的显著标志。,调查研究,三大作风,两个务必,纪律严明,,B,来源：理论知识测试内容（参考）
单选,加强基础研究，归根结底要靠( )。,体制机制,国际合作平台,学科建设布局,高水平人才,,D,来源：理论知识测试内容（参考）
单选,( )，是我们党把握历史主动...的成功之道。,毫不动摇坚持马克思主义,大力推进理论创新,自觉用马克思主义指导实践,以上都是,,D,来源：理论知识测试内容（参考）
单选,文化( )是文化自信的根本依托。,整体性,主体性,连续性,统一性,,B,来源：理论知识测试内容（参考）
单选,党中央统筹( )战略全局和世界百年未有之大变局。,中华民族伟大建设,中华民族伟大发展,中华民族伟大改革,中华民族伟大复兴,,D,来源：理论知识测试内容（参考）
单选,保障我国粮食安全的关键在于( )。,健全种粮农民收益保障机制,推进农业供给侧结构性改革,落实藏粮于地、藏粮于技战略,完善主产区利益补偿制度,,C,来源：理论知识测试内容（参考）
单选,发现党员严重违纪涉嫌违法犯罪的...由( )给予政务处分。,任免机关,监察机关,审判机关,检察机关,,B,来源：理论知识测试内容（参考）
单选,利用职权或者职务上的影响，( )，情节较轻的...,侵占公私财物,象征性支付侵占,无偿接受服务,以上都是,,D,来源：理论知识测试内容（参考）
单选,国际社会逐步建立起包括( )在内的多层次反恐怖主义法律制度体系。,国际性公约,多边条约,国内法,以上都是,,D,来源：理论知识测试内容（参考）
单选,把正确处理人民内部矛盾作为我国政治生活的主题，其根本着眼点是( )。,调动一切积极因素,扩大社会主义民主,维护社会稳定,消除社会矛盾,,A,来源：理论知识测试内容（参考）
单选,对违纪后下落不明的党员...超过( )的，党组织应当...予以除名。,六个月,一年,六个月,一年,,A,来源：理论知识测试内容（参考）
单选,党员依法受到( )责任追究的...给予党纪处分。,民事,刑事,民事,刑事,,B,来源：理论知识测试内容（参考）
单选,关于文化在社会主义现代化建设中的重要作用，下列说法正确的有( )。,统筹推进总体布局,推动高质量发展,满足人民需求,以上都是,,D,来源：理论知识测试内容（参考）
单选,毛泽东同志就以( )的壮志豪情，立下拯救民族于危难的远大志向。,为中华之崛起而读书,险夷不变应尝胆,自信人生二百年,更坚决的把我的身子交给党,,C,来源：理论知识测试内容（参考）
单选,组织、参加反对党的基本理论...对策划者、组织者...给予( )处分。,严重警告,撤销党内职务,留党察看,开除党籍,,D,来源：理论知识测试内容（参考）
单选,读懂中国，关键要读懂( )。,强国建设,第二个百年奋斗目标,民族复兴,中国式现代化,,D,来源：理论知识测试内容（参考）
单选,新时代“枫桥经验”最突出的特点是( )。,顶层设计,矛盾化解在基层,人文关怀,政府主导,,B,来源：理论知识测试内容（参考）
单选,改革开放的鲜明特征和首要任务是( )。,解放和发展社会生产力,形成成熟制度,处理政府市场关系,促进公平正义,,A,来源：理论知识测试内容（参考）
单选,关于新时代十年来取得的历史性成就，下列表述错误的是( )。,谷物总产量首位,制造业规模第一,全社会研发经费第一,建成最大高铁网,,C,来源：理论知识测试内容（参考）
单选,以下属于违反有关规定干预和插手市场经济活动的行为有( )项？,2项,3项,4项,5项,,D,来源：理论知识测试内容（参考）
单选,我们要锚定( )年建成文化强国的战略目标。,2030,2035,2030,2035,,D,来源：理论知识测试内容（参考）
单选,2025年4月15日是第( )个全民国家安全教育日。,八,八,十,十,,C,来源：理论知识测试内容（参考）
单选,习近平总书记深刻阐释经济与文化的辩证关系，提出( )。,文化是重要支点,敬畏历史文化,人文经济学,以上都是,,D,来源：理论知识测试内容（参考）
单选,紧扣“首要任务”，( )；用好“重要法宝”，( )；坚持“民生为大”，( )。,强调着力点...心系人民,强调着力点...凝聚力量,阐明路径...心系人民,阐明路径...凝聚力量,,C,来源：理论知识测试内容（参考）
单选,社会工作一定要加强...坚持好、发展好新时代( )。,浦江经验,浦江经验,枫桥经验,枫桥经验,,C,来源：理论知识测试内容（参考）
单选,2024年，中国经济“( )”。,前高中低后扬,前低中高后扬,前高中低后扬,前低中高后扬,,C,来源：理论知识测试内容（参考）
单选,坚持聚焦主题、简约务实，( )，一体推进学查改。,分批次划阶段,分批次划阶段,不分批次不划阶段,不分批次不划阶段,,C,来源：理论知识测试内容（参考）
单选,决定将( )纳入健康中国行动。,健康体重管理,健康乡村,中医药健康,以上都是,,D,来源：理论知识测试内容（参考）
单选,2025年( )是第56个世界地球日。,6月5日,6月5日,4月22日,4月22日,,D,来源：理论知识测试内容（参考）
单选,“一平”指田块平整，“两通”指( )。,通电通网,通水通路,通水通电,通路通网,,B,来源：理论知识测试内容（参考）
单选,当前全党上下正在开展( )学习教育。,深入贯彻中央八项规定精神,党纪,深入贯彻中央八项规定精神,党纪,,A,来源：理论知识测试内容（参考）
单选,习近平文化思想...是马克思主义文化理论中国化时代化的( )成果。,初步,重大,重大,初步,,B,来源：理论知识测试内容（参考）
单选,以下关于党管媒体的表述，不正确的是( )。,只管党直接掌握的媒体,贯彻到新媒体领域,平台纳入管理,人员准入管理,,A,来源：理论知识测试内容（参考）
单选,是我们民族有一脉相承的( )。,自我发展...,自我发展...,自我发展...开创新局,自我发展...精神脉络,,D,来源：理论知识测试内容（参考）
单选,在新时代，党的新闻舆论工作的职责和使命是( )。,①③④⑤⑥,①②③⑤⑥,①②③④⑤,①②③④⑤⑥,,D,来源：理论知识测试内容（参考）
单选,( )，是新时代坚持和发展中国特色社会主义的根本立场。,改革为动力,创新为驱动,以人民为中心,开放为导向,,C,来源：理论知识测试内容（参考）
单选,增强工作的( )，切实把学习成效转化为...强大动力。,原则性系统性预见性创造性,原则性系统性预见性适应性,适应性系统性灵活性创造性,原则性灵活性预见性创造性,,A,来源：理论知识测试内容（参考）
单选,发展文化事业是满足( )、保障( )的基本途径。,人民文化权益,人民精神文化需求,人民消费权益,人民娱乐休闲需求,,B,来源：理论知识测试内容（参考）
单选,( )年10月，党中央召开...正式提出并系统阐述了习近平文化思想。,2018,2023,2018,2023,,D,来源：理论知识测试内容（参考）
单选,努力做习近平文化思想的( )。,①②,①③,②③,①②③,,D,来源：理论知识测试内容（参考）
单选,我们推进马克思主义中国化时代化的根本途径是‘( )’。,两个结合,第二个结合,十个明确,四个全面,,A,来源：理论知识测试内容（参考）
单选,只有坚持( )，才能确保新闻舆论工作始终有明确的立场和指向。,市场导向,党性原则,新闻自由,媒体融合,,B,来源：理论知识测试内容（参考）
单选,坚持用习近平文化思想( )，是...必然要求。,武装头脑指导实践,武装头脑...推动工作,武装头脑指导实践,武装头脑...推动工作,,C,来源：理论知识测试内容（参考）
单选,要坚持( )相结合，把习近平文化思想放在...历史脉络中来学习。,历史和现实,理论和实际,国际和国内,①②③,,D,来源：理论知识测试内容（参考）
单选,中国特色社会主义文化，源自于( )，熔铸于( )，植根于( )。,①②③,①③②,②①③,②③①,,C,来源：理论知识测试内容（参考）
单选,坚持守正创新，发展( )，弘扬( )，传承( )。,①②③,②①③,①③②,②③①,,B,来源：理论知识测试内容（参考）
单选,要深入推进( )。始终坚持零容忍，把中央八项规定作为铁规矩。,风腐同查,风腐同查,风腐同查同治,风腐同查同治,,B,来源：理论知识测试内容（参考）
单选,其中形成好的( )是检视作风建设成效的重要标尺。,话风学风家风,会风民风家风,学风会风民风,文风会风话风,,D,来源：理论知识测试内容（参考）
单选,各地区各部门要从作风建设( )的政治高度，认真抓好《条例》...,①②,①③,②③,①②③,,D,来源：理论知识测试内容（参考）
单选,进一步全面深化改革的总目标是“( )”。,推进国家治理体系...,推进国家治理体系...,完善发展...推进治理体系...,完善发展...推进治理体系...,,C,来源：理论知识测试内容（参考）
单选,( )是中国式现代化的重要保障。,教育科技人才,城乡融合发展,全过程人民民主,高水平社会主义市场经济体制,,D,来源：理论知识测试内容（参考）
单选,实施( )的人才政策，完善人才自主培养机制。,更加积极开放有效,更加积极开放有效,更加积极开放,更加积极开放,,B,来源：理论知识测试内容（参考）
单选,推进( )，重点推进财政预算、公共资源配置...等。,①②③④⑤,①②④⑤,①③④⑤,②③④⑤,,A,来源：理论知识测试内容（参考）
单选,必须坚持把全面依法治国摆在( )位置。,全局性战略性,全局性战略性,全局性战略性基础性保障性,全局性战略性基础性保障性,,C,来源：理论知识测试内容（参考）
单选,习近平总书记强调：“推进全面依法治国，根本目的是( )。”,实现依法执政,促进经济社会发展,提高党治国理政水平,依法保障人民权益,,D,来源：理论知识测试内容（参考）
单选,健全党和国家监督体系，以( )为主导。,人大监督,民主监督,行政监督,党内监督,,D,来源：理论知识测试内容（参考）
单选,要系统学习...首要的是学习( )。,同领导工作相关的法律,民法典,宪法,刑法,,C,来源：理论知识测试内容（参考）
单选,( )是法治建设的目标，( )是建设法治国家的主体。,①②③,①③②,③①②,③②①,,D,来源：理论知识测试内容（参考）
单选,( )是全面依法治国的根本保证。,群众路线,党的领导,民主集中制,人民当家作主,,B,来源：理论知识测试内容（参考）
单选,坚持问题导向、目标导向，树立( )和( )。,历史思维,辩证思维,历史思维,辩证思维,,B,来源：理论知识测试内容（参考）
单选,要深入推进平安乡村建设...依法严厉打击( )的违法犯罪活动。,危害农村稳定...,侵害农民利益...,危害农村稳定...,危害农村稳定...,,D,来源：理论知识测试内容（参考）
单选,“衡量一个社会制度是否科学、是否先进，主要看( )。”,①②,①③,②③,①②③,,D,来源：理论知识测试内容（参考）
单选,形成完备的( )、高效的法治实施体系...形成完善的( )。,法律规范体系,法律规范体系,规章制度体系,规章制度体系,,A,来源：理论知识测试内容（参考）
单选,我国法治建设的成就...归结起来就是( )这一条。,开辟法治道路,形成总体格局,完善法律体系,建成法治国家,,A,来源：理论知识测试内容（参考）
单选,我国宪法( )，这是我国宪法最显著的特征。,确立根本任务,确认党的领导,规定基本政治制度,规定大政方针,,B,来源：理论知识测试内容（参考）
单选,确保严格按照( )行使权力，坚持用法治保护人民群众...,权限,法定权限,权限和程序,法定权限和程序,,D,来源：理论知识测试内容（参考）
单选,依法加强网络空间治理，要把( )作为基础性手段。,依法治网,依法管网,依法办网,依法上网,,A,来源：理论知识测试内容（参考）
单选,全面推进依法治国的总抓手是( )。,依宪治国,建设法治体系,推进治理现代化,全面深化改革,,B,来源：理论知识测试内容（参考）
单选,我国生态文明建设发生( )变化，创造了举世瞩目的生态奇迹。,历史性整体性格局性,历史性整体性格局性,历史性转折性全局性,历史性转折性全局性,,C,来源：理论知识测试内容（参考）
单选,习近平总书记指出：“抓生态文明建设，( )。”,靠自律也靠他律,靠物质也靠精神,靠治标也靠治本,靠教育也靠制度,,B,来源：理论知识测试内容（参考）
单选,要加快构建( )的能源体系，立足我国能源资源禀赋。,清洁低碳安全高效,清洁低碳先进高效,清洁低碳安全可靠,节约低碳安全高效,,A,来源：理论知识测试内容（参考）
单选,( )是人类社会最基本的关系。,人与社会的关系,人与自然的关系,保护与开发的关系,资源与环境的关系,,B,来源：理论知识测试内容（参考）
单选,积极培育( )，让天蓝地绿水清深入人心。,生态文化生态道德,生态理论生态技术,生态文化生态技术,生态理论生态道德,,A,来源：理论知识测试内容（参考）
单选,持续打好( )保卫战。,森林碧水净土,蓝天森林净土,蓝天碧水森林,蓝天碧水净土,,D,来源：理论知识测试内容（参考）
单选,( )是生态文明建设的必然要求，是解决污染问题的根本之策。,绿色发展,绿色发展,创新发展,创新发展,,A,来源：理论知识测试内容（参考）
单选,习近平总书记...深刻把握( )，统筹推进“五位一体”...,①②,①③,②③,①②③,,D,来源：理论知识测试内容（参考）
单选,把习近平生态文明思想作为各级党校...的( )。,必修课常修课,选修课专业课,必修课专业课,选修课常修课,,A,来源：理论知识测试内容（参考）
单选,要坚持用习近平生态文明思想之“矢”...弘扬( )的马克思主义学风。,具体问题具体分析,量变与质变,两点论与重点论,理论联系实际,,D,来源：理论知识测试内容（参考）
单选,把生态文明教育作为( )的重要内容，纳入国民教育体系...,素质教育,知识教育,应试教育,升学教育,,A,来源：理论知识测试内容（参考）
单选,推动划定生态保护( )、环境质量( )、资源利用( )。,底线红线上线,底线上线红线,红线底线上线,红线上线底线,,C,来源：理论知识测试内容（参考）
单选,必须把( )作为推进生态文明建设的重中之重。,制度创新,制度供给,制度建设,制度执行,,C,来源：理论知识测试内容（参考）
单选,把节约资源和保护环境确立为( )，把可持续发展确立为( )。,重要政策基本原则,基本国策基本原则,重要政策国家战略,基本国策国家战略,,D,来源：理论知识测试内容（参考）
单选,落实领导干部生态文明建设责任制，严格实行( )。,党政同责一岗双责,属地管理一岗双责,党政同责一岗多能,属地管理一岗多能,,A,来源：理论知识测试内容（参考）
单选,乡村振兴，( )是关键。,生活富裕,生态宜居,治理有效,产业兴旺,,B,来源：理论知识测试内容（参考）
单选,学习贯彻习近平生态文明思想是一项长期的( )。,行政任务,学习任务,工作任务,政治任务,,D,来源：理论知识测试内容（参考）
单选,习近平总书记指出：“( )是农村最大优势和宝贵财富。”,村规民约,农业科学技术,良好生态环境,文化和风土人情,,C,来源：理论知识测试内容（参考）
单选,党中央部署开展中央生态环境保护( )，坚持问题导向...,监督,巡视,督察,巡察,,C,来源：理论知识测试内容（参考）
单选,城市建设必须把( )放在首位，把最好的资源留给人民。,让人民宜居安居,经济社会发展,人民生活富裕,人居环境整治,,A,来源：理论知识测试内容（参考）
单选,打好( )攻坚战是关系十四亿多中国人民切身利益的大事。,污染防治,防范化解重大风险,精准脱贫,反腐败斗争,,A,来源：理论知识测试内容（参考）
单选,( )和高质量发展是内在统一的。,新发展格局,新发展理念,新发展阶段,新发展要求,,B,来源：理论知识测试内容（参考）
单选,要根据实践发展要求，丰富( )的有效实现形式。,农户所有权...,集体所有权...,集体所有权...,土地所有权...,,B,来源：理论知识测试内容（参考）
单选,以( )等重大项目建设和( )为重点...推动共建“一带一路”。,大数据中心...,基础设施...,大数据中心...,基础设施...,,D,来源：理论知识测试内容（参考）
单选,为人民( )、为民族( )，...也是( )的“根”和“魂”。,谋幸福...,谋幸福...,谋发展...,谋幸福...,,B,来源：理论知识测试内容（参考）
单选,以下关于“新发展阶段”说法错误的是( )？,新发展阶段是初级阶段中一个阶段,新发展阶段是社会主义高级阶段,从站起来到强起来新阶段,十四五进入新发展阶段,,B,来源：理论知识测试内容（参考）
单选,( )，党中央把扩大内需作为保持经济平稳较快发展的基本立足点。,改革开放后,2001年入世后,2008年金融危机后,十八大以后,,A,来源：理论知识测试内容（参考）
单选,完善东西部结对帮扶关系...形成( )的良好局面。,区域协调发展,区域协调发展,区域协同发展,区域协调协同共同发展,,D,来源：理论知识测试内容（参考）
单选,“一带一路”倡议，秉持( )原则。,共商共建共治,共商共建共享,共商共治共享,共治共建共享,,B,来源：理论知识测试内容（参考）
单选,把( )优先发展作为现代化建设的一项重大原则...,农业农村,生态宜居,农业农村,生态宜居,,A,来源：理论知识测试内容（参考）
单选,明确新时代我国社会主要矛盾是( )...,物质文化...生产...,物质文化...生产...,美好生活...不平衡不充分...,美好生活...不平衡不充分...,,C,来源：理论知识测试内容（参考）
单选,提出( )的新粮食安全观。,谷物基本自给...,谷物完全自给...,谷物完全自给...,谷物基本自给...,,A,来源：理论知识测试内容（参考）
单选,在一个更加不稳定不确定的世界中...必须坚持( )。,战略思维,科学思维,系统思维,底线思维,,D,来源：理论知识测试内容（参考）
单选,( )是“十四五”乃至更长时期我国经济社会发展的主题。,又好又快发展,高质量发展,绿色发展,科学发展,,B,来源：理论知识测试内容（参考）
单选,推动长江经济带发展...坚持( )工作总基调。,又好又快,又快又好,统筹兼顾,稳中求进,,D,来源：理论知识测试内容（参考）
单选,我国的最大国情和最大实际是( )？,社会主义市场经济,全面建成小康社会,社会主义初级阶段,社会主义现代化强国,,C,来源：理论知识测试内容（参考）
单选,要一以贯之坚持党对国有企业的领导，一以贯之( )。,提高竞争力,放大资本功能,深化改革,做大做强,,C,来源：理论知识测试内容（参考）
单选,新发展阶段，就是全面( )社会主义现代化国家...。,建设,建设,建成,建成,,A,来源：理论知识测试内容（参考）
单选,以( )为杠杆培育新动能...做大做强( )。,信息化...,信息化...,机械化...,机械化...,,A,来源：理论知识测试内容（参考）
单选,经济实现( )发展；创新驱动成效显著；发展( )明显增强。,持续快速...,持续快速...,高质量...,高质量...,,C,来源：理论知识测试内容（参考）
单选,新一代民营企业家要...发扬( )、( )的精神。,聚焦实业...,聚焦资本...,聚焦实业...,聚焦资本...,,A,来源：理论知识测试内容（参考）
单选,共同富裕是中国特色社会主义的( )，...是关系( )的重大政治问题。,根本原则...,根本原则...,重要原则...,重要原则...,,B,来源：理论知识测试内容（参考）
单选,要坚持以人民为中心的发展思想。( )，这是马克思主义政治经济学的根本立场。,发展依靠人民,发展为了人民,发展成果共享,发展为了增长,,B,来源：理论知识测试内容（参考）
单选,党的十八届三中全会...开启了( )的新时代。,决胜小康,共同富裕,走近舞台中央,全面深化改革,,D,来源：理论知识测试内容（参考）
单选,习近平总书记提出了共建( )和( )重大倡议。,丝绸之路...,丝绸之路...,丝绸之路经济带...,海上丝绸之路...,,C,来源：理论知识测试内容（参考）
单选,推动乡村全面振兴，关键靠( )。,资金,人,科技,政府,,B,来源：理论知识测试内容（参考）
单选,中国特色社会主义这条路走得怎么样...人民的( )最有说服力。,获得感幸福感满足感,获得感满足感安全感,获得感幸福感安全感,满足感幸福感安全感,,C,来源：理论知识测试内容（参考）
单选,习近平新时代...思想...贯穿着强烈的( )、鲜明的( )。,问题意识...,大局意识...,问题意识...,大局意识...,,A,来源：理论知识测试内容（参考）
单选,既部署“过河”的任务，又指导解决“桥或船”的问题，生动体现了( )。,普遍性特殊性,世界观方法论,共性个性,同一性斗争性,,B,来源：理论知识测试内容（参考）
单选,( )，是中国特色社会主义制度的最大优势。,中国共产党领导,坚持全国一盘棋,坚持全面依法治国,坚持以人民为中心,,A,来源：理论知识测试内容（参考）
单选,根本就在于我们党始终( )，为中国人民谋幸福...,改革创新,自我完善,不忘初心,独立自主,,C,来源：理论知识测试内容（参考）
单选,坚持用习近平新时代中国特色社会主义思想武装头脑，根本目的在于( )。,提高认识,提振信心,认清机遇,指导实践,,D,来源：理论知识测试内容（参考）
单选,习近平新时代...思想谱写了党的( )的新篇章。,制度创新,实践创新,理论创新,理论创新,,C,来源：理论知识测试内容（参考）
单选,习近平总书记的足迹遍及革命故地...鲜明宣示必须( )。,牢记初心...,牢记初心...,传承红色基因...,牢记初心...,,D,来源：理论知识测试内容（参考）
单选,坚持运用( )解决新时代重大理论和实践问题。,辩证唯物主义,历史唯物主义,辩证唯物主义和历史唯物主义,科学社会主义,,C,来源：理论知识测试内容（参考）
单选,( )的鲜明主题，贯穿于习近平总书记推进理论创新的一系列重要论述之中。,社会主义,中国特色社会主义,市场经济,社会主义市场经济,,B,来源：理论知识测试内容（参考）
单选,全面从严治党，核心是加强党的领导，基础在( )，关键在( )。,全面...,全面...,严...,治...,,A,来源：理论知识测试内容（参考）
单选,习近平总书记...以( )的赤子情怀，提出一系列具有开创性意义的新理念...,先天下之忧,我将无我,天下为公,世上无难事,,B,来源：理论知识测试内容（参考）
单选,( )是习近平新时代...思想最为核心关键的组成部分。,五位一体,四个全面,十个明确,十四个坚持,,C,来源：理论知识测试内容（参考）
单选,习近平新时代...思想蕴含的( )，深刻揭示了马克思主义批判性和革命性特征。,批判精神,斗争精神,革命精神,奋斗精神,,B,来源：理论知识测试内容（参考）
单选,( )是维护社会公平正义的最后一道防线。,科学立法,严格执法,公正司法,全民守法,,C,来源：理论知识测试内容（参考）
单选,( )，是...贯穿始终的基本思想方法和工作方法。,调查研究,知行合一,辩证思维,实事求是,,D,来源：理论知识测试内容（参考）
单选,( )，是我们党最鲜明的品格，也是我们党最大的优势。,艰苦奋斗,不怕牺牲,开拓创新,勇于自我革命,,D,来源：理论知识测试内容（参考）
单选,2025年是新疆维吾尔自治区成立( )周年。,60,65,70,75,,C,来源：理论知识测试内容（参考）
单选,习近平法治思想强调...其中“法治国家”主要指的是( )。,法律面前人人平等,国家权力属于人民,法律是最高准则,治理体系现代化,,A,来源：理论知识测试内容（参考）
单选,以下哪项( )不是习近平法治思想中提到的基本原则?,党的领导,人民主体地位,法律至上,个人利益优先,,D,来源：理论知识测试内容（参考）
单选,习近平法治思想中关于法治与德治的关系，以下说法正确的是( )。,法治取代德治,德治更重要,相辅相成,相互排斥,,C,来源：理论知识测试内容（参考）
单选,关于中国特色社会主义法治道路，以下描述不正确的是( ),坚持党的领导...,摒弃西方法治...,服务于现代化...,不需要考虑国际经验,,D,来源：理论知识测试内容（参考）
单选,习近平法治思想提出，要构建( )的法治实施体系,高效有力的,封闭独立的,形式化的,随意灵活的,,A,来源：理论知识测试内容（参考）
单选,( )不是习近平法治思想中提出的全面依法治国新理念...的内容?,科学立法,严格执法,公正司法,自由裁量,,D,来源：理论知识测试内容（参考）
单选,习近平法治思想强调，要把( )作为全面依法治国的总抓手,经济建设,政治建设,法治建设,文化建设,,C,来源：理论知识测试内容（参考）
单选,( )最准确地反映了习近平法治思想中关于法治保障社会公平正义的观点,法治是最后防线,法治不能保障,无关,只适用特定群体,,A,来源：理论知识测试内容（参考）
单选,习近平法治思想中关于法治与改革的关系，以下说法正确的是( )。,法制阻碍改革,改革脱离法治,法制与改革相互促进,改革优先于法治,,C,来源：理论知识测试内容（参考）
单选,( )不符合习近平法治思想中关于加强法治队伍建设的指导原则,提高专业素质,强化职业道德,减少监督管理,完善培养机制,,C,来源：理论知识测试内容（参考）
单选,2020年11月召开的中央全面依法治国工作会议，是( )以党中央工作会议形式...,第一次,第二次,第三次,第四次,,A,来源：理论知识测试内容（参考）
单选,党的十八届( )专题研究了全面推进依法治国...,一中全会,二中全会,三中全会,四中全会,,D,来源：理论知识测试内容（参考）
单选,实行国家机关“( )”普法责任制...,谁司法谁普法,谁执法谁普法,谁行政谁普法,谁立法谁普法,,B,来源：理论知识测试内容（参考）
单选,完善( )的立法工作格局。,党委领导...,党委领导...,党委领导...,党委领导...,,D,来源：理论知识测试内容（参考）
单选,在我国，制定基本法律的职权属于( )。,全国人民代表大会,全国人大常委会,全国人大及其常委会,法律委员会,,A,来源：理论知识测试内容（参考）
单选,党委政法委...是实现( )的重要组织形式。,党对司法工作领导,党对政法工作领导,党对立法工作领导,党对执法工作领导,,B,来源：理论知识测试内容（参考）
单选,公正是法治的生命线...更要求( )得到维护和实现。,公开公正,公平正义,程序正义,社会和谐,,B,来源：理论知识测试内容（参考）
单选,我党颁布的最早的具有宪法性质的法律是( )。,中华苏维埃...,陕甘宁边区...,共同纲领,1954年宪法,,A,来源：理论知识测试内容（参考）
单选,习近平法治思想中，关于全面依法治国的时代使命是( )。,坚持党的领导,坚持法治轨道上...,坚持依宪治国,坚持统筹国内涉外,,B,来源：理论知识测试内容（参考）
单选,各级党组织...绝不允许利用职权干预司法，下列表述正确的是( )。,不得提出倾向性意见,必须高度重视,可以提出个人意见,鼓励司法人员...,,A,来源：理论知识测试内容（参考）
单选,( )，全国人大常委会作出关于实行宪法宣誓制度的决定...,2015年,2016年,2017年,2018年,,A,来源：理论知识测试内容（参考）
单选,党员...公开发表坚持资产阶级自由化立场...给予( )处分。,严重警告,撤销党内职务,留党察看,开除党籍,,D,来源：理论知识测试内容（参考）
单选,执行党纪处分决定的机关...应当在( )内将处分决定的执行情况...报告。,一个月,二个月,五个月,六个月,,D,来源：理论知识测试内容（参考）
单选,对党组织和党员违犯党纪的行为，应当以( )为依据...,事实,宪法,法律,制度,,A,来源：理论知识测试内容（参考）
单选,党员受到警告处分( )内...不得在党内提拔职务...,一年,一年半,一年,一年半,,A,来源：理论知识测试内容（参考）
单选,不属于可以从轻或者减轻处分的有( )。,主动交代...,配合核实...,检举同案人...,被动挽回损失...,,D,来源：理论知识测试内容（参考）
单选,为了维护党的章程...根据( )制定本条例。,中国共产党章程,宪法和法律,试行条例,廉政准则,,A,来源：理论知识测试内容（参考）
单选,对违纪后下落不明的党员超过( )的，党组织应当...予以除名。,六个月,一年,两年,三年,,A,来源：理论知识测试内容（参考）
单选,受到改组处理的党组织领导机构成员，除应受到( )及以上处分的外，均自然免职。,严重警告,撤销党内职,留党察看,开除党籍,,B,来源：理论知识测试内容（参考）
单选,党员受到警告处分的，( )内不得在党内提升职务。,1年,2年,3年,4年,,A,来源：理论知识测试内容（参考）
单选,党的各级代表大会的代表受到( )以上（含留党察看）处分的，党组织应当终止其代表资格。,警告,严重警告,撤销党内职务,留党察看,,D,来源：理论知识测试内容（参考）
单选,在干部选拔任用工作中，有任人唯亲...情节严重的，给予( )处分。,严重警告,撤销党内职务,留党察看,开除党籍,,D,来源：理论知识测试内容（参考）
单选,利用职务上的便利，占用公物归个人使用，时间超过( )，情节较重的...,一个月,三个月,六个月,一年,,C,来源：理论知识测试内容（参考）
单选,收受可能影响公正执行公务的礼品...情节较重的，给予( )处分。,严重警告,留党察看,开除党籍,撤销党内职务...,,D,来源：理论知识测试内容（参考）
单选,生活奢靡、铺张浪费...情节严重的，给予( )处分。,开除党籍,留党察看,撤销党内职务,留党察看或开除党籍,,C,来源：理论知识测试内容（参考）
单选,留党察看处分，分为留党察看( )、留党察看( )。,半年一年,二年三年,一年二年,一年三年,,C,来源：理论知识测试内容（参考）
单选,在组织( )过程中，能够配合核实审查工作...可以从轻或者减轻处分。,核实、立案审查,初步核实、立案审查,谈话函询、初步核实,谈话函询...立案审查,,D,来源：理论知识测试内容（参考）
单选,党员在党纪处分影响期内又受到党纪处分的，其影响期为( )。,原处分...,新处分...,之和,较长的一个,,C,来源：理论知识测试内容（参考）
单选,党员有嫖娼或者吸食、注射毒品...应当给予( )处分。,撤销党内职务,留党察看,撤销党内职务...,开除党籍,,D,来源：理论知识测试内容（参考）
单选,党组织...发现党员严重违纪涉嫌违法犯罪的，原则上先做出( )决定...,行政处罚,政纪处分,组织处理,党纪处分,,D,来源：理论知识测试内容（参考）
单选,对于主动上交的( )，应当予以接收，并按照规定收缴...,违纪所得,经济损失赔偿,违法所得,违纪所得和经济损失赔偿,,D,来源：理论知识测试内容（参考）
单选,搞投机钻营，结交政治骗子...情节严重的，给予( )处分。,撤销党内职务...,留党察看...,撤销党内职务...,开除党籍,,B,来源：理论知识测试内容（参考）
单选,党员领导干部政绩观错位...给党、国家和人民利益造成较大损失的，给予( )处分。,警告,严重警告,撤销党内职务,警告或者严重警告,,D,来源：理论知识测试内容（参考）
单选,不按照有关规定向组织请示、报告重大事项，对( )情节较重的...,直接责任者,直接责任者和领导责任者,领导责任者,主要责任者,,B,来源：理论知识测试内容（参考）
单选,在党组织纪律审查中...拒绝作证或者故意提供虚假情况，情节严重的，给予( )处分。,撤销党内职务,撤销党内职务...,撤销党内职务...,开除党籍,,C,来源：理论知识测试内容（参考）
单选,在组织进行谈话函询时，不如实向组织说明问题...违反了( )。,政治纪律,组织纪律,廉洁纪律,工作纪律,,B,来源：理论知识测试内容（参考）
单选,对于受到留党察看处分一年的党员...应当延( )留党察看期限。,二年,一年半,一年,半年,,C,来源：理论知识测试内容（参考）
单选,党员干部受到党纪处分，需要同时进行组织处理的，( )应当按照规定给予组织处理。,户籍地公安机关,人事档案存放处,党组织,行政单位,,C,来源：理论知识测试内容（参考）
单选,党员受到开除党籍处分，( )不得重新入党。,永久,五年,三年,一年,,B,来源：理论知识测试内容（参考）
单选,党员行为虽然造成损失...而是由于不可抗力等原因所引起的( )。,责令整改,批评教育,谈话提醒,不追究党纪责任,,D,来源：理论知识测试内容（参考）
单选,对于受到撤销党内职务以上处分的，应当( )办理职务...等相应变更手续。,二个月内,一个月内,一周内,即刻,,B,来源：理论知识测试内容（参考）
单选,党员被依法( )、逮捕的，党组织应当...中止其表决权...,留置,传唤,拘留,讯问,,A,来源：理论知识测试内容（参考）
单选,干扰巡视巡察工作...情节较重的，给予( )处分。,严重警告...,严重警告...,撤销党内职务...,留党察看...,,C,来源：理论知识测试内容（参考）
单选,纵容、默许...身边工作人员和( )人利用党员干部本人职权...谋取私利...,及其配偶、子女,及其配偶、亲属,和其他关系人,其他特定关系人,,D,来源：理论知识测试内容（参考）
单选,向从事公务的人员...赠送...有( )等财物...给予撤销党内职务...,汽车、房产,有价证券...,电脑、汽车...,有价证券、债券,,B,来源：理论知识测试内容（参考）
单选,一人有本条例规定的两种以上...应当受到的( )给予处分。,最高处分加重一档,最低处分加重二档,最高处分减轻一档,最低处分加重一档,,A,来源：理论知识测试内容（参考）
单选,因过失犯罪被判处三年以下有期徒刑...报请再( )批准。,上一级党组织,同级党组织,同级纪委,上级纪委,,A,来源：理论知识测试内容（参考）
单选,党纪面前一律平等...党内不允许有任何不受( )约束的党组织和党员。,条例,纪律,规定,条约,,B,来源：理论知识测试内容（参考）
单选,对于在立案审查中因涉嫌违犯党纪被免职的党员...应当按照其( )给予撤销党内职务处分。,拟定职务,原任职务,现任职务,最高职务,,B,来源：理论知识测试内容（参考）
单选,( )是最根本的党内法规，是党管治党的总规矩。,党章,宪法,巡视工作条例,纪律处分条例,,A,来源：理论知识测试内容（参考）
单选,在党的纪律检查...工作以及机关工作...造成损失或者不良影响的...给予( )处分。,警告直至...,严重警告...,撤销党内职务...,警告直至...,,D,来源：理论知识测试内容（参考）
单选,研究部署学习教育工作...结合实际加强( )，扎实推进( )...,警示教育、集中整治,思想教育、集中整治,警示教育、分层整治,思想教育、个别整治,,A,来源：理论知识测试内容（参考）
单选,会议强调，( )要对学习教育负总责...切实扛起( )。,各级政府...,各级党委...,各级党委...,各级政府...,,B,来源：理论知识测试内容（参考）
单选,会议强调，坚持( )，推动问题的解决。突出抓好( )学习教育。,精准指导...,精准指导...,分类指导...,分类指导...,,C,来源：理论知识测试内容（参考）
单选,会议强调，充分发挥( )党组（党委）对本行业本系统学习教育的指导作用...,上级管理部门...,上级管理部门...,行业系统主管部门...,行业系统主管部门...,,D,来源：理论知识测试内容（参考）
单选,树立和践行正确政绩观，起决定性作用的是( )。,党章,党规,党纪,党性,,D,来源：理论知识测试内容（参考）
单选,年轻干部要胜任领导工作，最根本的本领是( )。,理论素养,政治领导,改革创新,科学发展,,A,来源：理论知识测试内容（参考）
单选,人心向背关系党的生死存亡。( )是我们党的生命线和根本工作路线。,政治路线,群众路线,组织路线,思想路线,,B,来源：理论知识测试内容（参考）
单选,实践出真知，实践长真才。坚持( )是领导干部成长成才的必由之路。,在干中学、学中干,提升能力、强本领,政治坚定、讲原则,对党忠诚、看担当,,A,来源：理论知识测试内容（参考）
单选,做好( )服务保障工作，巩固发展军政军民团结。,现役军人,现役军人家属,退役军人,退役军人家属,,C,来源：理论知识测试内容（参考）
单选,兵团成立的时间是( )。,1949年,1950年,1954年,1955年,,C,来源：理论知识测试内容（参考）
单选,兵团要推动建立各民族( )的社会结构和社区环境。,插花式,相互嵌入式,分散式,集中式,,B,来源：理论知识测试内容（参考）
单选,兵团实行( )的特殊体制。,党政合一,军政合一,党政军企合一,政教合一,,C,来源：理论知识测试内容（参考）
单选,兵团深化改革的基础和关键是( )。,团场综合配套改革,民兵队伍建设,体制机制改革,师市合一,,A,来源：理论知识测试内容（参考）
单选,兵团改革要健全和转变( )的职能。,党,政,军,企,,B,来源：理论知识测试内容（参考）
单选,兵团改革要彰显( )的属性。,党,政,军,企,,C,来源：理论知识测试内容（参考）
单选,兵团改革要确立( )的市场主体地位。,党,政,军,企,,D,来源：理论知识测试内容（参考）
单选,兵团要在向南发展上取得新突破...出现更有利于( )的结构性变化。,社会稳定,局势平稳,长治久安,民族团结,,C,来源：理论知识测试内容（参考）
单选,第三次中央新疆工作座谈会提出( )兴疆。,发展,富民,经济,文化,,B,来源：理论知识测试内容（参考）
单选,兵团改革要充分发挥( )在资源配置中的决定性作用。,党,人民,政府,市场,,D,来源：理论知识测试内容（参考）
单选,兵团党委...强化( )的服务保障，全力以赴推动经济高质量发展。,经济发展,科技发展,文化发展,社会发展,,A,来源：理论知识测试内容（参考）
单选,中国共产党是为人民谋幸福的政党，也是为( )进步事业而奋斗的政党。,人类,世界,穷苦人民,各国,,A,来源：理论知识测试内容（参考）
单选,要把建设一支对党忠诚、( )的高素质少数民族干部队伍作为重要任务...,政绩突出,政治性强,德才兼备,以德为先,,C,来源：理论知识测试内容（参考）
单选,在( )上下功夫，确保新疆工作始终保持正确政治方向。,精准贯彻落实,精准高效落实,完整准确贯彻,完整准确贯彻落实,,C,来源：理论知识测试内容（参考）
单选,要发挥新疆( )优势，以推进丝绸之路经济带核心区建设为驱动...,政治,经济,区位,战略,,C,来源：理论知识测试内容（参考）
单选,兵团的看家本领是( )。,维稳戍边,屯垦,戍边,屯垦戍边,,A,来源：理论知识测试内容（参考）
单选,兵团改革要强化( )的核心领导地位。,党,政,军,企,,A,来源：理论知识测试内容（参考）
单选,把兵团的( )和发展活力充分释放出来。,特殊优势,组织优势,制度优势,传统优势,,A,来源：理论知识测试内容（参考）
单选,不断增强兵团的( )和动员能力，更好发挥特殊作用。,维稳优势,戍边优势,组织优势,经济优势,,C,来源：理论知识测试内容（参考）
单选,入党誓词如下：...履行党员义务，( )，严守党的纪律...,执行党的决定,执行党的路线,执行党的政策,执行党的决议,,A,来源：理论知识测试内容（参考）
单选,我们党的最大政治优势是( )，党执政后的最大危险是( )。,批评和自我批评...,民主集中制...,密切联系群众...,理论联系实际...,,C,来源：理论知识测试内容（参考）
单选,各级领导干部要加强道德修养，讲党性、( )、作表率...,重原则,重品行,重形象,重作风,,B,来源：理论知识测试内容（参考）
单选,党组发挥( )作用。,思想引领,领导核心,教育管理,教育监督,,B,来源：理论知识测试内容（参考）
单选,当党员对党的决议和政策有不同意见时，下列说法中正确的是( )。,可以不执行...,在坚决执行的前提下...,必须坚决执行...,必须坚决执行...,,A,来源：理论知识测试内容（参考）
单选,( )是党内政治生活的重要内容和载体...,批评和自我批评,党的政治纪律,党内法规制度,党的组织生活,,D,来源：理论知识测试内容（参考）
单选,在党组织讨论决定对党员的党纪处分或作出鉴定时...正确的是( )。,本人无权参加...,其他党员不可以...,本人有权参加...,其他党员无权...,,C,来源：理论知识测试内容（参考）
单选,遵守党的( )是遵守党的全部纪律的基础。,工作纪律,组织纪律,政治纪律,生活纪律,,C,来源：理论知识测试内容（参考）
单选,党要管党必须从( )管起，从严治党必须从( )严起。,党内政治生活...,党的文化生活...,党的纪律...,党的优良传统...,,A,来源：理论知识测试内容（参考）
单选,( )是中国共产党人的精神支柱和政治灵魂...,共产主义远大理想,中国特色社会主义共同理想,理想信念,习近平新时代...,,C,来源：理论知识测试内容（参考）
单选,党委（党组）每年至少召开( )次会议专题研究党内法规执行工作...,1,2,3,4,,A,来源：理论知识测试内容（参考）
单选,中华人民共和国主席、副主席由( )选举。,全国人民代表大会,全国人民,全国人大常委会,大会主席团,,A,来源：理论知识测试内容（参考）
单选,党的建设工作领导小组是党委抓全面从严治党的( )机构...,决策,组织,考核,议事协调,,D,来源：理论知识测试内容（参考）
单选,《中国共产党重大事项请示报告条例》...坚持( )，坚决做到“两个维护”...,纪律建设...,党要管党...,党风廉政建设...,反腐倡廉建设...,,B,来源：理论知识测试内容（参考）
单选,党委（党组）书记应当履行...全面从严治党( )职责...,主要责任人,重要责任人,责任人,第一责任人,,D,来源：理论知识测试内容（参考）
单选,...开展严肃认真的批评和自我批评，提出( )的整改措施。,责任分明,务实管用,严谨审慎,简便易行,,B,来源：理论知识测试内容（参考）
单选,制定责任清单，应当坚持( )、务实管用。,科学高效,分工明确,严谨审慎,简便易行,,D,来源：理论知识测试内容（参考）
单选,党委（党组）应当开展有针对性的( )，强化政治教育和政治训练...,监督检查,巡视巡察,督导考核,教育培训,,D,来源：理论知识测试内容（参考）
单选,某市某局党组书记...请所谓“风水大师”...其行为属于( )。,参加迷信活动,策划迷信活动,领导迷信活动,不违反党的纪律,,A,来源：理论知识测试内容（参考）
单选,破解同级监督难题，关键在( )...,党委扩大会,党委全会,党委常委会,专题会议,,C,来源：理论知识测试内容（参考）
单选,选拔任用党政领导干部，必须把( )放在首位...,个人能力,个人成绩,政治标准,个人品德,,C,来源：理论知识测试内容（参考）
单选,党的地方各级组织任期届满...延长期限不得超过( )。,3个月,6个月,1年,2年,,C,来源：理论知识测试内容（参考）
单选,党选拔干部坚持( )、任人唯贤...反对任人唯亲。,五湖四海,政绩突出,政治性强,能力突出,,A,来源：理论知识测试内容（参考）
单选,发现存在政治...等方面苗头性、倾向性问题的，应当及时进行( )。,批评教育,约谈提醒,提醒谈话,诫勉谈话,,C,来源：理论知识测试内容（参考）
单选,某县卫健委副主任...担任该医院名誉院长...其行为属于( )。,违规经商办企业,为本人经营活动...,违规兼职取酬,从事有偿中介...,,C,来源：理论知识测试内容（参考）
单选,( )应当履行全面从严治党主体责任...追究...失职失责...,纪检监察机关,党委（党组）,组织部,党的工作机关,,B,来源：理论知识测试内容（参考）
单选,某市档案局局长...任命自己秘书为办公室主任。其行为属于( )。,违反议事规则,违规选拔任用干部,帮助他人骗取职务,在干部晋升中...,,B,来源：理论知识测试内容（参考）
单选,违反规定从事或者参与营利性活动...情节严重的，予以( )。,记大过,降级,撤职,开除,,D,来源：理论知识测试内容（参考）
单选,监察机关对...选举或者决定任命的公职人员予以撤职、开除的，应当( )...,先开除公职...,先依法罢免...,先依法罢免...,先依法罢免...,,D,来源：理论知识测试内容（参考）
单选,公职人员解除降级、撤职的...薪酬待遇( )。,应当恢复,视情况恢复,不恢复,可以恢复,,C,来源：理论知识测试内容（参考）
单选,利用宗族或者黑恶势力等欺压群众...情节严重的，予以( )。,记大过,降级,撤职,开除,,D,来源：理论知识测试内容（参考）
单选,公职人员在被立案调查期间，未经监察机关同意，不得( )。,外出,继续履行职责,出境、辞去公职,停薪留职,,C,来源：理论知识测试内容（参考）
单选,根据《中华人民共和国公务员法》的规定，挂职锻炼的表述正确的是( )。,仅限于上级机关...,是同一地区机关...,挂职锻炼期间...,选派公务员到...,,D,来源：理论知识测试内容（参考）
单选,各级监察委员会是行使( )的专责机关。,党和国家审查职能,国家监督职能,国家监察职能,党和国家监察职能,,C,来源：理论知识测试内容（参考）
单选,党纪处分决定作出后，应当在一个月内向受处分党员( )宣布...,本人,所在党基层组织...,所在党基层组织...,所在党组织...,,C,来源：理论知识测试内容（参考）
单选,纪委派驻纪检组对派出机关负责...发现问题应当及时向( )报告。,派出机关,被监督单位,派出机关和被监督单位党组织,派驻部门,,C,来源：理论知识测试内容（参考）
单选,党内监督的重点对象是党的领导机关和领导干部特别是( )。,各级领导机关,主要领导干部,主要领导机关,高级领导干部,,B,来源：理论知识测试内容（参考）
单选,党的各级纪律检查委员会是党内监督( )机关。,专门,专责,专职,专设,,B,来源：理论知识测试内容（参考）
单选,《中国共产党廉洁自律准则》分为两部分：一是...二是( )。,领导廉洁从政规范,领导干部廉洁自律规范,党员领导干部...,领导干部廉洁...,C,来源：理论知识测试内容（参考）,
单选,( )是中国特色社会主义最本质的特征...,依宪治国,党的领导,依法执政,人民民主专政,B,来源：理论知识测试内容（参考）,
单选,我国宪法以法律的形式...规定了国家的( )和根本任务。,根本制度,基本制度,重要制度,主要制度,A,来源：理论知识测试内容（参考）,
单选,各少数民族聚居的地方实行区域自治...行使自治权的制度是( )。,民族区域制度,民族分管制度,民族管理制度,民族区域自治制度,D,来源：理论知识测试内容（参考）,
单选,下列说法中，哪一项是错误的？( ),宪法具有最高...,法律的效力高于...,行政法规的效力...,地方政府规章...,D,来源：理论知识测试内容（参考）,
单选,城市的土地属于( )；农村和城市郊区的土地...属于( )。,国家所有；集体所有,国家所有；国家所有,集体所有；集体所有,集体所有；国家所有,A,来源：理论知识测试内容（参考）,
单选,二人以上共同实施侵权行为，造成他人损害的，应当承担( )责任。,共同,按份,平均,连带,D,来源：理论知识测试内容（参考）,
单选,李某在洗衣店干洗了自己的一套名贵西服...洗衣店可以( )。,借此机会...,将衣服暂时留置...,将李某的衣服...,将李某的衣服...,B,来源：理论知识测试内容（参考）,
单选,国家立法权属于( )。,人民,国务院,党,国家权力机关,D,来源：理论知识测试内容（参考）,
单选,省、自治区、直辖市的区域划分由( )。,全国人大审议决定,全国人大常委会批准,国务院审批,民政部批准,C,来源：理论知识测试内容（参考）,
单选,国家倡导( )，提倡爱祖国、爱人民...的公德。,社会主义道德文化...,社会主义核心价值观,社会主义现代化...,中华优秀传统...,B,来源：理论知识测试内容（参考）,
单选,( )是党的根本政治立场。,人民立场,组织立场,国家立场,集体立场,A,来源：理论知识测试内容（参考）,
单选,习近平总书记考察调研八师一四三团中指出...要落实好( )。,发挥兵团优势,强化农业科技...,因地制宜...,以上都是,D,来源：理论知识测试内容（参考）,
单选,坚决防止以( )代替常委会会议作出决策...,联席会议,专题会议,部门会议,扩大会议,B,来源：理论知识测试内容（参考）,
单选,被调查人既涉嫌严重职务违法...一般应当由( )为主调查...,人民法院,人民检察院,监察机关,公安机关,C,来源：理论知识测试内容（参考）,
单选,民族自治地方的自治机关...发展( )，逐步提高各民族的物质生活水平。,社会生产力,地方经济,民族经济,区域经济,A,来源：理论知识测试内容（参考）,
单选,下列属于必须向上级党组织请示的事项是( )。,属于自身职权...,上级党组织...,事后报告...,重大决策时...,D,来源：理论知识测试内容（参考）,
单选,党组（党委）重大决策失误的，对参与决策的...实行( )责任追究。,重大,部分,终身,岗位,C,来源：理论知识测试内容（参考）,
单选,第三次中央新疆工作座谈会强调，要坚持( )...,依法治疆...,依法治疆...,依法治疆...,依法治疆...,B,来源：理论知识测试内容（参考）,
单选,《中国共产党廉洁自律准则》...第一部坚持( )的...法规。,正面倡导...,正面倡导...,负面清单...,负面清单...,A,来源：理论知识测试内容（参考）,
单选,下列哪一项不是党的基层组织应当履行的监督职责( )。,严格党的组织生活...,定期约谈...,了解党员...,维护和执行...,B,来源：理论知识测试内容（参考）,
单选,下列关于纪律审查的说法错误的是( )。,发现党的领导干部...,执法机关...,该干部所在党组织...,依法受到...,B,来源：理论知识测试内容（参考）,
单选,接到对干部一般性违纪问题的反映，应当( )。,约谈被监督...,先作出...,及时找本人核实...,点名道姓...,C,来源：理论知识测试内容（参考）,
单选,对于受到留党察看处分一年的党员...应当( )。,延长一年...,开除党籍,严重警告,撤销一切职务,A,来源：理论知识测试内容（参考）,
单选,党员在组织核实...能够配合核实审查工作...可以( )处分。,免除,从轻或者减轻,加重,从重,B,来源：理论知识测试内容（参考）,
单选,根据《中国共产党问责条例》的规定，问责对象的重点是( )。,领导班子,党委（党组）,次要负责人,主管成员,B,来源：理论知识测试内容（参考）,
单选,问责决定作出后，有关问责情况应当向( )通报。,党中央和组织部门,纪检组和组织部门,纪委和组织部门,纪委和上级...,C,来源：理论知识测试内容（参考）,
单选,组织部门应当将问责决定材料...并报( )备案。,上一级组织部门,公安机关,检察机关,党中央,A,来源：理论知识测试内容（参考）,
单选,受到问责的党的领导干部应当向( )写出书面检讨...,组织部门...,作出问责决定...,上级领导...,上级组织部门...,B,来源：理论知识测试内容（参考）,
单选,《中国共产党巡视工作条例》明确规定，( )承担巡视工作的主体责任。,中央政治局,党的基层组织,党的领导小组,开展巡视工作...,D,来源：理论知识测试内容（参考）,
单选,《中国共产党巡视工作条例》明确规定，巡视工作领导小组组长由( )担任。,同级党的纪律...,同级党委组织部...,上级党的纪律...,上级党委组织部...,A,来源：理论知识测试内容（参考）,
单选,巡视工作领导小组办公室应当...并向( )报告。,巡视工作领导小组,巡视督导员,巡视检查员,巡视员,A,来源：理论知识测试内容（参考）,
单选,巡视组应当及时向( )分别反馈相关巡视情况...,检察院,法院,被巡视党组织...,监察员,C,来源：理论知识测试内容（参考）,
单选,选拔任用党政领导干部，应当...由( )集体讨论作出任免决定...,党委（党组）,党员大会,党员干部,组织（人事）部门,A,来源：理论知识测试内容（参考）,
单选,哪项不是党政领导干部任职的方式？( ),聘任,录用,委任,选任,B,来源：理论知识测试内容（参考）,
单选,党政领导干部辞职制度中，不属于辞职原因的是( )？,自愿辞职,因私辞职,引咎辞职,责令辞职,B,来源：理论知识测试内容（参考）,
单选,党政机关厉行节约反对浪费，应当... ( )公务活动成本的原则。,降低,减少,节约,增加,A,来源：理论知识测试内容（参考）,
单选,党政机关国内发生的...应当使用( )结算。,现金,公务卡,个人卡,垫付,B,来源：理论知识测试内容（参考）,
单选,党政机关应当遵循( )的原则，严格执行预算...,先有预算...,严格执行预算...,严禁虚列支出,先有支出...,A,来源：理论知识测试内容（参考）,
单选,对全党政治生活、组织生活和全体党员行为等作出基本规定的是( )。,准则,规则,细则,办法,A,来源：理论知识测试内容（参考）,
单选,党内法规制定工作由党中央集中统一领导，日常工作由( )负责。,中央书记处,中央办公厅,国务院办公厅,中央纪律检查委员会,A,来源：理论知识测试内容（参考）,
单选,实际工作迫切需要但还不够成熟的党内法规...试行期限一般不超过( )。,1年,2年,3年,5年,D,来源：理论知识测试内容（参考）,
单选,中央纪律检查委员会...制定的党内法规由( )起草。,中央纪律检查委员会...,中央办公厅...,党中央组织,其自行组织,D,来源：理论知识测试内容（参考）,
单选,党内法规应当采取的修改方式是( )。,修订,修正案,修改决定,所有选项均正确,D,来源：理论知识测试内容（参考）,
单选,深化运用监督执纪“四种形态”( )。,①②③,②③④,①②③④,①③④,C,来源：理论知识测试内容（参考）,
单选,对党员的纪律处分种类( )。,①②④⑤,①②③④⑤,①③④⑤,①②③④,B,来源：理论知识测试内容（参考）,
单选,《中国共产党章程》规定，党员的权利有( )条，义务有( )条。,10；10,8；8,7；7,9；9,B,来源：理论知识测试内容（参考）,
单选,《中国共产党章程》共有( )章( )条。,11；55,12；50,11；50,10；55,A,来源：理论知识测试内容（参考）,
单选,党员如果没有正当理由，连续( )个月不参加党的组织生活...。,3,4,6,12,C,来源：理论知识测试内容（参考）,
单选,发展党员始终要把( )放在首位。,道德品行,工作能力,综合素质,政治标准,D,来源：理论知识测试内容（参考）,
单选,年满( )岁的中国工人...可以申请加入中国共产党。,16,14,18,20,C,来源：理论知识测试内容（参考）,
单选,发展党员禁止突击发展，反对( )。,个人主义,关门主义,自由主义,形式主义,B,来源：理论知识测试内容（参考）,
单选,《中国共产党章程》规定，预备党员的预备期为( )。,两年,三年,一年,半年,C,来源：理论知识测试内容（参考）,
单选,党的( )都无权剥夺党员的权利。,上级组织,党中央,任何一级组织...,除党中央外...,C,来源：理论知识测试内容（参考）,
单选,预备党员的权利，除了没有( )以外，同正式党员一样。,表决权...,表决权...,选举权...,表决权,A,来源：理论知识测试内容（参考）,
单选,对要求入党的积极分子...要重视在生产...和( )中发展党员。,工人,农民,青年,知识分子,C,来源：理论知识测试内容（参考）,
单选,党员的党龄从( )之日算起。,支部大会...,上级组织...,预备期满...,支部大会...,C,来源：理论知识测试内容（参考）,
单选,党员的入党时间，从( )之日算起。,递交入党申请书,党支部大会...,预备期满...,成为预备党员...,B,来源：理论知识测试内容（参考）,
单选,申请入党的人，要填写入党志愿书，要有( )正式党员做介绍人...,一名,两名,三名,四名,B,来源：理论知识测试内容（参考）,
单选,预备党员在预备期间...不具备党员条件的，应当( )资格。,开除预备党员,保留预备党员,取消预备党员,延长预备期限,C,来源：理论知识测试内容（参考）,
单选,党员缺乏革命意志...经教育仍无转变的，应当( )。,把其除名,劝其退党,把其开除,进行处分,B,来源：理论知识测试内容（参考）,
单选,每个党员，不论职务高低...参加党的( )，接受党内外群众的监督。,民主生活,组织生活,学习活动,教育培训,B,来源：理论知识测试内容（参考）,
单选,党的上下级组织之间要互通情报、互相支持和( )。,互相监督,互相批评,互相表扬,互相提醒,A,来源：理论知识测试内容（参考）,
单选,党组织讨论决定问题...下列不属于此原则范围的是( )。,对于少数人...,如对重大问题...,按职务高低决定,在特殊的情况...,C,来源：理论知识测试内容（参考）,
单选,党的基层委员会...选举产生后，应报( )批准。,上级党委,上级组织部门,上级党组织,上级党组织书记,C,来源：理论知识测试内容（参考）,
单选,凡是成立党的新组织，或是撤销党的原有组织，必须由( )决定。,上级党组织,县级以上党组织,上级党委,上级党委书记,A,来源：理论知识测试内容（参考）,
单选,《中国共产党章程》规定，党的各级代表大会代表实行( )。,终身制,任期制,聘任制,委任制,B,来源：理论知识测试内容（参考）,
单选,党的各级代表大会的代表和委员会的产生，要体现( )的意志。,每一个党员,被选举人,选举人,领导人,C,来源：理论知识测试内容（参考）,
单选,党的各级委员会实行( )和( )负责相结合的制度。,集体领导...,集体决策...,集体协商...,集体决策...,A,来源：理论知识测试内容（参考）,
单选,代表会议代表的名额和产生办法，由( )决定。,召集代表会议...,上级代表委员会,同级代表委员会,上级代表委员会...,A,来源：理论知识测试内容（参考）,
单选,党员个人代表党组织发表重要主张...必须提交所在的( )...,党的主要领导决定,党组织讨论决定,党委成员讨论决定,党政主要领导决定,B,来源：理论知识测试内容（参考）,
单选,《中国共产党章程》规定，党的最高领导机关是党的( )。,中央政治局...,中央政治局...,全国代表大会...,中央委员会,C,来源：理论知识测试内容（参考）,
单选,党的全国代表大会每( )举行一次。,三年,四年,五年,六年,C,来源：理论知识测试内容（参考）,
单选,《中国共产党章程》规定，党的全国代表大会由( )召集。,中央委员会,中央政治局,中央政治局...,中央书记处,A,来源：理论知识测试内容（参考）,
单选,党的中央委员会每届任期( )。,三年,五年,十年,终身,B,来源：理论知识测试内容（参考）,
单选,党的省、自治区、直辖市的代表大会...每( )举行一次。,半年,一年,三年,五年,D,来源：理论知识测试内容（参考）,
单选,党的地方各级委员会全体会议，每年至少召开( )。,一次,两次,三次,四次,B,来源：理论知识测试内容（参考）,
单选,凡是有正式党员( )人以上的，都应当成立党的基层组织。,一,二,三,四,C,来源：理论知识测试内容（参考）,
单选,实行行政领导人负责制的事业单位中党的基层组织，发挥( )作用。,领导核心,组织领导,战斗堡垒,监督检查,C,来源：理论知识测试内容（参考）,
单选,( )是党的全部工作和战斗力的基础。,党的委员会,党的基层组织,党小组,党支部,B,来源：理论知识测试内容（参考）,
单选,党的基层组织是指( )。,党委、党支部...,党小组、党委...,党委、党总支...,党委、党支部,C,来源：理论知识测试内容（参考）,
单选,党的基层组织是党在社会基层组织中的( )...,基础,细胞,核心,战斗堡垒,D,来源：理论知识测试内容（参考）,
单选,党的市（地、州、盟）和县（市、区、旗）委员会建立( )制度。,巡视,巡察,检查,监察,B,来源：理论知识测试内容（参考）,
单选,党的中央和省...实行巡视制度，在( )内，对...实现巡视全覆盖。,一年,三年,十年,一届任期,D,来源：理论知识测试内容（参考）,
单选,下列不属于新党章所规定的党组任务的是( )。,加强对本单位...,讨论和决定...,领导机关...,受理处置...,D,来源：理论知识测试内容（参考）,
单选,联合党支部覆盖单位一般不超过( )...,3个,5个,1个,4个,B,来源：理论知识测试内容（参考）,
单选,党支部书记...按照( )的决议，全面负责党支部工作。,党员大会,支部委员会,党员大会...,党小组会,C,来源：理论知识测试内容（参考）,
单选,党支部应当每( )向党员大会和上级党组织报告一次党费...,半年,一年,二年,三年,B,来源：理论知识测试内容（参考）,
单选,党支部( )是党支部的议事决策机构，由全体党员参加...,党员大会,支委会,党小组会,主题党日,A,来源：理论知识测试内容（参考）,
单选,党员人数不足50人、确因工作需要的...也可以( )。,设立党总支,党委,党支部,设立党总支或党委,A,来源：理论知识测试内容（参考）,
单选,预备党员...需要继续考察和教育的，可以延长预备期，但不能超过( )。,一年,一年半,两年,半年,A,来源：理论知识测试内容（参考）,
单选,预备党员的( )同正式党员一样。,义务,权利和义务,待遇,权利,A,来源：理论知识测试内容（参考）,
单选,留党察看的期限最长不超过( )。,2年,3年,1年,半年,A,来源：理论知识测试内容（参考）,
单选,基层党委每年把党员教育管理工作情况作为向( )报告工作的重要内容。,上级党支部委员会,上级党委,上级党组织,党组织,C,来源：理论知识测试内容（参考）,
单选,党员人数不足100人、确因工作需要的...可以设立( )。,党委,党总支,党组,联合党委,A,来源：理论知识测试内容（参考）,
单选,机关...党支部书记一般由本部门本单位( )担任...,主要负责人,行政负责人,普通职工,财务人员,A,来源：理论知识测试内容（参考）,
单选,党支部党员大会...一般( )召开1次。,每季度,半年,每个月,一年,A,来源：理论知识测试内容（参考）,
单选,全面提升党支部( )，强化党支部政治功能...,组织能力,组织力,行动力,政治能力,B,来源：理论知识测试内容（参考）,
单选,所属各单位( )发挥领导作用，把方向、管大局...,上级党组织,党委,党组织,基层党组织,C,来源：理论知识测试内容（参考）,
单选,党支部书记每( )至少与一名党员谈心一次，每( )与...,月；年,季度；年,月；半年,月；季度,A,来源：理论知识测试内容（参考）,
单选,民主评议党员( )结合组织生活会一并进行。,可以,不可以,应该,不能,A,来源：理论知识测试内容（参考）,
单选,上级党委对党支部上报的...应当在( )内审批...,1个月；3个月,2个月；4个月,3个月；6个月,4个月；一年,C,来源：理论知识测试内容（参考）,
单选,国有企业重大经营管理事项必须经( )研究讨论后...,书记办公会,党委（党组）,党员代表大会,职工代表大会,B,来源：理论知识测试内容（参考）,
单选,以下适用《中国共产党不合格党员组织处置办法》中限期改正的情形是( )。,信仰宗教,组织观念...,与党组织...,以上均是,D,来源：理论知识测试内容（参考）,
单选,以下适用《中国共产党不合格党员组织处置办法》中除名的情形是( )。,没有正当理由...,不交纳党费,不做党所分配...,以上均是,D,来源：理论知识测试内容（参考）,
单选,对因与党组织失去联系被停止党籍( )年后确实无法取得联系的应除名,半,1,2,3,C,来源：理论知识测试内容（参考）,
单选,( )国家战略体系和能力建设工作机制，完善涉军决策...,现代化,规范化,多元化,一体化,D,来源：理论知识测试内容（参考）,
单选,要加快构建促进数字经济发展体制机制，发展( )来打造...,物联网,工业互联网,区块链,云计算,B,来源：理论知识测试内容（参考）,
单选,关于科技创新，二十届三中全会强调要强化企业( )地位。,科技创新主体,人才培养主体,资金投入主体,成果转化主体,A,来源：理论知识测试内容（参考）,
单选,完善中央财政科技经费分配...扩大( )范围。,科研项目审批制,财政科研项目...,科研经费使用...,科研项目验收制,B,来源：理论知识测试内容（参考）,
单选,关于发展全过程人民民主，二十届三中全会强调要坚持( )有机统一。,党的领导...,经济建设...,改革...,城乡统筹...,A,来源：理论知识测试内容（参考）,
单选,二十届三中全会提出要健全( )制度，推动人民当家作主...,人大代表选举...,政协协商制度,基层自治制度,以上都是,D,来源：理论知识测试内容（参考）,
单选,在完善中国特色社会主义法治体系方面，强调要加强( )领域立法。,仅重点领域,仅新兴领域,仅涉外领域,重点领域...,D,来源：理论知识测试内容（参考）,
单选,要构建更有效力的国际传播体系，推进( )重构。,国际传播格局,国际政治格局,国际经济格局,国际文化格局,A,来源：理论知识测试内容（参考）,
单选,关于文化体制改革，二十届三中全会提出要优化( )机制。,文化产品进口...,文化服务...,文化企业管理...,文化市场监管...,B,来源：理论知识测试内容（参考）,
单选,二十届三中全会强调要健全( )体系，加强普惠性...,基本公共服务...,社会保障...,医疗卫生...,教育制度体系,A,来源：理论知识测试内容（参考）,
单选,在完善收入分配制度方面...要构建( )分配协调配套的制度体系。,仅初次分配,初次分配、再分配,初次分配...,仅再分配,C,来源：理论知识测试内容（参考）,
单选,关于就业政策，二十届三中全会提出要支持和规范发展( )。,传统就业形态,新就业形态,国有企业就业,海外就业,B,来源：理论知识测试内容（参考）,
单选,要按照( )原则，稳妥有序推进渐进式延迟法定退休年龄改革。,强制性、一刀切,自愿、弹性,快速、全面,暂缓、观望,B,来源：理论知识测试内容（参考）,
单选,二十届三中全会审议通过了( )。,建议,决定,中共中央关于进一步全面深化改革...,决定,C,来源：理论知识测试内容（参考）,
单选,当前和今后一个时期是以( )全面推进强国建设...,社会主义现代化,中国特色社会主义,习近平新时代...,中国式现代化,D,来源：理论知识测试内容（参考）,
单选,进一步全面深化改革必须坚持( )思想理论。,仅坚持马列...,仅坚持邓小平...,仅坚持科学发展观...,坚持马列...全面贯彻...,D,来源：理论知识测试内容（参考）,
单选,二十届三中全会提出，到( )要全面建成高水平社会主义市场经济体制。,2025年,2030年,2035年,2040年,C,来源：理论知识测试内容（参考）,
单选,关于构建高水平社会主义市场经济体制...要( )的处理政府和市场的关系。,仅发挥市场作用,仅发挥政府作用,既“放得活”又“管得住”,完全由政府控制,C,来源：理论知识测试内容（参考）,
单选,要健全因地制宜发展新质生产力体制机制，推动( )的突破和创新。,仅技术革命性...,仅生产要素...,仅产业深度...,技术革命性突破...,D,来源：理论知识测试内容（参考）,
单选,关于教育改革...要建立( )牵引的学科设置调整机制...,市场需求,国际趋势,科技发展...,学生兴趣,C,来源：理论知识测试内容（参考）,
多选,习近平总书记从哪些方面对加快建设文化强国作出部署？,坚定不移走中国特色社会主义文化发展道路,着力激发全民族文化创新创造活力,始终坚持文化建设着眼于人、落脚于人,在创造性转化和创新性发展中赓续中华文脉,不断提升国家文化软实力和中华文化影响力,"A,B,C,D",来源：理论知识测试内容（参考）
多选,加快建设农业强国规划提出加快建设（）的农业强国。,供给保障强,科技装备强,经营体系强,产业韧性强,竞争能力强,"A,B,C,D",来源：理论知识测试内容（参考）
多选,推动文化繁荣、建设文化强国，要传承和弘扬中华优秀传统文化。以下相关说法中正确的有（）。,中华优秀传统文化是我们在世界文化激荡中站稳脚跟的根基,对历史文化要全部予以继承,关键是推动中华优秀传统文化创造性转化、创新性发展,要坚持古为今用、推陈出新,,"A,C,D",来源：理论知识测试内容（参考）
多选,我们要从巩固党的执政地位...加强国家文化软实力建设，不断提高（）。,国际传播影响力,中华文化感召力,中国形象亲和力,中国话语说服力,国际舆论引导力,"A,B,C,D,E",来源：理论知识测试内容（参考）
多选,习近平文化思想蕴含一系列重大创新观点，包括（）。,坚持党的文化领导权,推动物质文明和精神文明协调发展,坚持“两个结合”,担负新时代的文化使命,坚定文化自信,"A,B,C,D,E,F,G",来源：理论知识测试内容（参考）
多选,习近平总书记指出：“铸牢中华民族共同体意识，就是要引导各族人民牢固树立（）的共同体理念。”,休戚与共,荣辱与共,生死与共,命运与共,,"A,B,C,D",来源：理论知识测试内容（参考）
多选,习近平总书记强调，弘扬爱国主义精神，（）。,必须把爱国主义教育作为永恒主题,必须坚持爱国主义和社会主义相统一,必须维护祖国统一和民族团结,必须尊重和传承中华民族历史和文化,必须坚持立足民族又面向世界,"A,B,C,D,E",来源：理论知识测试内容（参考）
多选,要坚持以正确舆论引导人，做到所有工作都（）。,有利于坚持中国共产党领导和我国社会主义制度,有利于推动改革发展,有利于增进全国各族人民团结,有利于维护社会和谐稳定,,"A,B,C,D",来源：理论知识测试内容（参考）
多选,习近平文化思想...吸收和发展了中华优秀传统文化中（）等重要价值理念。,关于文以载道、文以化人,关于民族大义、家国情怀,关于道德教化、伦理规范,关于人文素养、美学精神,关于文化交流、文明共生,"A,B,C,D,E",来源：理论知识测试内容（参考）
多选,社会主义先进文化是党领导人民在（）中国特色社会主义的历史进程中创造的文化。,探索,开创,坚持,发展,,"A,B,C,D",来源：理论知识测试内容（参考）
多选,要把纠治（）摆在更加突出位置。,形式主义,官僚主义,享乐主义,奢靡之风,,"A,B",来源：理论知识测试内容（参考）
多选,关于违规吃喝问题，以下有关说法正确的有（）。,违规吃喝是无伤大雅的小事小节,违规吃喝是促进发展的润滑剂,违规吃喝是可能产生权力寻租和利益输送的温床,不能把“业务需要”作为违规吃喝的挡箭牌,,"C,D",来源：理论知识测试内容（参考）
多选,关于中央八项规定，以下相关说法正确的有（）。,是一个切入口和动员令,党的十九大后制定的第一部重要党内法规,中央八项规定精神适用范围更加广泛,各地各部门制定的规定均属于细则,从规定到精神体现了决心和成效,"A,C,D,E",来源：理论知识测试内容（参考）
多选,全会鲜明提出“（）”，既是推进中国式现代化的发力点，也是进一步全面深化改革的着力点。,聚焦构建高水平社会主义市场经济体制,聚焦发展全过程人民民主,聚焦建设社会主义文化强国,聚焦提高人民生活品质,聚焦建设美丽中国,"A,B,C,D,E,F,G",来源：理论知识测试内容（参考）
多选,以“六个坚持”深刻总结改革开放以来特别是新时代全面深化改革的宝贵经验——“（）”。,坚持党的全面领导,坚持以人民为中心,坚持守正创新,坚持以制度建设为主线,坚持全面依法治国,"A,B,C,D,E,F",来源：理论知识测试内容（参考）
多选,发展以（）为特征的生产力。,高技术,高效能,高质量,高产量,,"A,B,C",来源：理论知识测试内容（参考）
多选,要在全社会树立法律权威...培育社会成员（）的良好环境。,办事依法,遇事找法,解决问题用法,化解矛盾靠法,,"A,B,C,D",来源：理论知识测试内容（参考）
多选,加快建设（）的法治政府。,职能科学,权责法定,执法严明,公开公正,智能高效,"A,B,C,D,E,F,G",来源：理论知识测试内容（参考）
多选,每个领导干部都要牢固树立...（）等基本法治观念。,权由法定,以言代法,权依法使,以权压法,,"A,C",来源：理论知识测试内容（参考）
多选,习近平总书记强调：“全面依法治国是一个系统工程...更加注重（）。”,系统性,整体性,时代性,协同性,,"A,B,D",来源：理论知识测试内容（参考）
多选,要完善（）的社会治理体制。,党委领导,政府负责,社会协同,公众参与,法治保障,"A,B,C,D,E",来源：理论知识测试内容（参考）
多选,群防群治和（）是枫桥创造的基层治理经验。,省级领导下访接访,小事不出村,大事不出镇,矛盾不上交,,"B,C,D",来源：理论知识测试内容（参考）
多选,（），这三个方面实质上是中国特色社会主义法治道路的核心要义。,坚持党的领导,坚持有法可依,坚持中国特色社会主义制度,贯彻中国特色社会主义法治理论,,"A,C,D",来源：理论知识测试内容（参考）
多选,（），始终是我们党立于不败之地的强大根基。,促进社会公平正义,维护宪法法律权威,坚持人民当家作主,充分调动人民积极性,,"C,D",来源：理论知识测试内容（参考）
多选,体现中华民族生态文化的名句有：____。,“天下大同”,“道法自然”,“劝君莫打三春鸟，儿在巢中望母归”,“一粥一饭，当思来处不易”,,"B,C,D",来源：理论知识测试内容（参考）
多选,走（）的绿化发展之路。,科学,高速,生态,节俭,,"A,C,D",来源：理论知识测试内容（参考）
多选,要按照（）的原则，开展节约型机关...等创建行动。,系统推进,广泛参与,突出重点,分类施策,,"A,B,C,D",来源：理论知识测试内容（参考）
多选,习近平生态文明思想...对生态文明建设的（）等作出全面谋划。,总体思路,重大原则,目标任务,建设路径,,"A,B,C,D",来源：理论知识测试内容（参考）
多选,以下哪几项属于有时代特色、为生态文明事业不懈奋斗的精神？,焦裕禄精神,右玉沙地造林精神,红旗渠精神,八步沙林场“六老汉”精神,塞罕坝精神,"A,B,D,E",来源：理论知识测试内容（参考）
多选,“四个结构”是指____。,产业结构,能源结构,运输结构,消费结构,用地结构,"A,B,C,E",来源：理论知识测试内容（参考）
多选,人与自然的关系是人类社会最基本的关系。以下选项正确的有：____。,自然是生命之母,人类应该以自然为根,人类可以凌驾于自然之上,人类对大自然的伤害不会伤及人类自身,,"A,B",来源：理论知识测试内容（参考）
多选,推进生态环境保护宣传教育（），引导全社会树立生态文明意识。,进学校,进家庭,进社区,进工厂,进机关,"A,B,C,D,E",来源：理论知识测试内容（参考）
多选,深刻把握习近平生态文明思想的（）。,科学性和真理性,人民性和实践性,先进性和纯洁性,开放性和时代性,,"A,B,D",来源：理论知识测试内容（参考）
多选,努力把“一带一路”建设成为（）。,和平之路,繁荣之路,开放之路,绿色之路,创新之路,"A,B,C,D,E,F",来源：理论知识测试内容（参考）
多选,以下哪几项属于党的十八大以来习近平总书记亲自谋划、亲自部署、亲自推动的区域重大战略？,京津冀协同发展,长江经济带发展,粤港澳大湾区建设,长三角一体化发展,黄河流域生态保护和高质量发展,"A,B,C,D,E",来源：理论知识测试内容（参考）
多选,保护环境是每个人的责任，人人都应该做______。,批评家,践行者,仲裁者,推动者,,"B,D",来源：理论知识测试内容（参考）
多选,习近平生态文明思想...集中体现为：...（）。,坚持人与自然和谐共生,坚持绿水青山就是金山银山,坚持良好生态环境是最普惠的民生福祉,坚持绿色发展是发展观的深刻革命,坚持统筹山水林田湖草沙系统治理,"A,B,C,D,E,F",来源：理论知识测试内容（参考）
多选,在（）等方面的要求日益增长。,民主,法治,公平,正义,安全,"A,B,C,D,E,F",来源：理论知识测试内容（参考）
多选,社会主义不同于资本主义就在于社会主义的首要价值是（）、（）。,提高劳动效率,体现公平正义,实现共同富裕,提高经济效益,,"B,C",来源：理论知识测试内容（参考）
多选,加大对（）的财政支持力度。,革命老区,民族地区,边疆地区,欠发达地区,,"A,B,C,D",来源：理论知识测试内容（参考）
多选,什么是当今世界的潮流？答案只有一个，那就是（）。,和平,发展,合作,共赢,,"A,B,C,D",来源：理论知识测试内容（参考）
多选,违反民主集中制原则，有下列行为之一的...（）。,拒不执行或者擅自改变党组织作出的重大决定,违反议事规则个人或者少数人决定重大问题,故意规避集体决策,借集体决策名义集体违规,,"A,B,C,D",来源：理论知识测试内容（参考）
多选,有下列行为之一，对直接责任者和领导责任者...（）。,公款旅游,改变公务行程，借机旅游,参加所管理企业考察活动，借机旅游,,,"A,B,C",来源：理论知识测试内容（参考）
多选,党的纪律处分条例应遵循的原则____。,坚持党要管党、全面从严治党,党纪面前一律平等,实事求是,民主集中制,惩前毖后、治病救人,"A,B,C,D,E",来源：理论知识测试内容（参考）
多选,有下列情形之一的，应该从重或加重处分。,主动交代本人应当受到党纪处分的问题,强迫、唆使他人违纪,违纪受处分后又因故意违纪应当受党纪处分,主动上缴或者退赔违纪所得,,"B,C",来源：理论知识测试内容（参考）
多选,党员犯罪，有下列情形之一的，应当给予开除党籍处分。,党员行为造成损失或者后果是有不可抗力原因所引起,因故意犯罪被依法判处刑法规定的主刑,被单处或者附加剥夺政治权利,因过失犯罪被判处三年以上有期徒刑,,"B,C,D",来源：理论知识测试内容（参考）
多选,违背社会公序良俗可能会受到哪种情形的处分。,警告或严重警告处分,撤销党内职务或留党察看处分,不受党纪处分,开除党籍处分,,"A,B,D",来源：理论知识测试内容（参考）
多选,党组织和党员必须坚持初心使命，牢固树立____。,政治意识,大局意识,核心意识,看齐意识,,"A,B,C,D",来源：理论知识测试内容（参考）
多选,及时进行____让“红红脸、出出汗”成为常态。,警示教育,批评教育,责令检查、诫勉,谈话提醒,,"B,C,D",来源：理论知识测试内容（参考）
多选,根据情节严重程度，可以予以____。,改组,解散,重组,遣散,,"A,B",来源：理论知识测试内容（参考）
多选,____等依法改变原生效判决、裁定、决定等。,财政机关,监察机关,司法机关,行政机关,,"B,C,D",来源：理论知识测试内容（参考）
多选,党员受留党察看处分期间，没有哪些权利。,表决权,选举权,被选举权,发言权,,"A,B,C",来源：理论知识测试内容（参考）
多选,搞劳民伤财的____的，从重或者加重处分。,形象工程,政绩工程,面子工程,景观亮化工程,,"A,B",来源：理论知识测试内容（参考）
多选,落实党中央决策部署____，在政治上造成不良影响或者严重后果的。,不坚决,打折扣,搞变通,缺思考,,"A,B,C",来源：理论知识测试内容（参考）
多选,这个“理想信念”，就是____。”,马克思主义信仰,共产主义远大理想,中国特色社会主义共同理想,,,"A,B,C",来源：理论知识测试内容（参考）
多选,我国社会主义初级阶段的含义是（）,我国还处在社会主义过渡的新时期,我国已经是社会主义,我国正处于向共产主义过渡的新时期,我国的社会主义还处在初级阶段,,"B,D",来源：理论知识测试内容（参考）
多选,社会主义社会的主要特征有（）,剥削制度的消灭和公有制为主体,按劳分配,大力发展社会主义市场经济,实行无产阶级专政,,"A,B,C,D",来源：理论知识测试内容（参考）
多选,经济文化相对落后的国家建设社会主义之所以是长期的和艰巨的，是因为（）,商品经济不发达，生产力落后,封建主义传统长，缺乏近代民主的传统,受到资本主义列强的遏制和扼杀,马克思主义执政党对规律的探索是一个过程,,"A,B,C,D",来源：理论知识测试内容（参考）
多选,中国共产党战胜敌人的三大法宝是（）。,统一战线,反对机会主义,党的建设,武装斗争,,"A,C,D",来源：理论知识测试内容（参考）
多选,中国共产党在长期的革命斗争中形成了优良的作风，主要是（）,坚持党的工人阶级先锋队性质,理论与实际相结合,密切联系群众,批评与自我批评,,"B,C,D",来源：理论知识测试内容（参考）
多选,被称为中国共产党历史上的两个伟大转折点是（）。,八七会议,遵义会议,十一届三中全会,瓦窑堡会议,,"B,C",来源：理论知识测试内容（参考）
多选,关于邓小平理论的表述中，正确的表述有（）。,是对毛泽东思想的继承和发展,是改造了的马克思主义,是对当今时代特征所做的新的科学判断,是党和人民实践经验和集体智慧的结晶,,"A,C,D",来源：理论知识测试内容（参考）
多选,科学发展观体现了中国共产党对客观规律的认识进一步深化，包括（）。,共产党执政规律,社会主义建设规律,人类社会发展规律,自然辩证法规律,,"A,B,C",来源：理论知识测试内容（参考）
多选,发展之所以成为中国共产党执政兴国的第一要务，是因为（）。,发展是坚持党的先进性的要求,发展决定着中国的前途和命运,发展是社会主义本质的要求,发展是实现全面建成小康社会目标的要求,,"A,B,C,D",来源：理论知识测试内容（参考）
多选,确保如期全面建成（）、实现第一个百年奋斗目标，为开启全面建设（）国家新征程奠定坚实基础。,小康社会,社会主义社会,发达国家,社会主义现代化,,"A,D",来源：理论知识测试内容（参考）
多选,（）、（）不是一阵子的事，而是一辈子的事。,不忘初心,经济发展,牢记使命,社会进步,,"A,C",来源：理论知识测试内容（参考）
多选,不忘初心、牢记使命，说到底是（）、（）的问题。,为什么人,靠什么人,初心,耐心,,"A,B,C",来源：理论知识测试内容（参考）
多选,毛泽东在党的七届二中全会上提出，务必使同志们保持（）。,密切联系群众的作风,实事求是的作风,谦虚、谨慎、不骄、不躁的作风,艰苦奋斗的作风,自我批评的作风,"C,D",来源：理论知识测试内容（参考）
多选,我们党立志于（），责任无比重大、使命无上光荣。,中华民族千秋伟业,人类和平与发展,实现全面小康,建设人类命运共同体,,"A,B",来源：理论知识测试内容（参考）
多选,我们隆重庆祝中国共产党成立（）、中华人民共和国成立（），制定第（）个历史决议，号召全党（）伟大建党精神。,一百周年,七十周年,三,学习、践行,,"A,B,C,D",来源：理论知识测试内容（参考）
多选,"十八大召开以来...三件大事：一是() , 二是（），三是（）。",迎来中国共产党成立一百周年,中国特色社会主义进入新时代,完成脱贫攻坚、全面建成小康社会的历史任务,已经实现中华民族伟大复兴,,"A,B,C",来源：理论知识测试内容（参考）
多选,实现建军一百年奋斗目标...要（）。,全面加强人民军队党的建设,全面加强练兵备战,全面加强军事治理,巩固提高一体化国家战略体系和能力,,"A,B,C,D",来源：理论知识测试内容（参考）
多选,统揽（）。,伟大斗争,伟大工程,伟大事业,伟大梦想,,"A,B,C,D",来源：理论知识测试内容（参考）
多选,建成世界上规模最大的（）、 ( )、（），人民群众获得感...更加充实。,教育体系,社会保障体系,医疗体系,法律体系,,"A,B,C",来源：理论知识测试内容（参考）
多选,要坚持（），加快建设教育强国、科技强国、人才强国。,教育优先发展,科技自立自强,人才引领驱动,创新驱动发展,,"A,B,C",来源：理论知识测试内容（参考）
多选,坚持（），加强同民主党派和无党派人士的团结合作。,长期共存,互相监督,肝胆相照,荣辱与共,,"A,B,C,D",来源：理论知识测试内容（参考）
多选,实施公民道德建设工程...推动（），提高人民道德水准和文明素养。,立政德,明大德,守公德,严私德,,"B,C,D",来源：理论知识测试内容（参考）
多选,完善个人所得税制度...（）。,保护合法收入,调节过高收入,扩大中等收入,取缔非法收入,,"A,B,D",来源：理论知识测试内容（参考）
多选,党的地方委员会...对本地区（）实行全面领导。,经济建设,政治建设,文化建设,社会建设和生态文明建设,,"A,B,C,D",来源：理论知识测试内容（参考）
多选,公职人员违反民主集中制原则...直接给予（）的政务处分。,警告,记过,记大过,撤职,,"A,B,C",来源：理论知识测试内容（参考）
多选,新形势下，党面临的（）是长期的、复杂的、严峻的。,执政考验,改革开放考验,市场经济考验,外部环境考验,,"A,B,C,D",来源：理论知识测试内容（参考）
多选,各级党组织应当...促使党的领导干部做到（）。,有权必有责,有责要担当,用权受监督,失责必追究,,"A,B,C,D",来源：理论知识测试内容（参考）
多选,违反有关规定组织、参加用公款支付的（），或者用公款购买...给予警告或者严重警告处分。,宴请,高消费娱乐,健身活动,公务接待,,"A,B,C",来源：理论知识测试内容（参考）
多选,弄虚作假，骗取（）的，给予警告或者严重警告处分。,职务,职级,职称,待遇,,"A,B,C,D",来源：理论知识测试内容（参考）
多选,公职人员在被立案审查期间，其所在机关...不得对其（）。,交流,晋升,奖励,处分,办理退休手续,"A,B,C,D,E",来源：理论知识测试内容（参考）
多选,《中国共产党问责条例》规定有（）情形之一的，可以不予问责或者免予问责。,及时采取补救措施，有效挽回损失的,在推进改革中因缺乏经验出现的失误,在集体决策中对错误决策提出明确反对意见的,在决策实施中因不可抗力造成损失的,,"B,C,D",来源：理论知识测试内容（参考）
多选,党委（党组）讨论决定干部任免事项，应当按照下列（）程序。,组织（人事）部门负责人逐个介绍情况,涉及破格提拔等事先报告,参加会议人员进行充分讨论,进行表决，以党委（党组）应到会成员超过半数同意形成决定,,"A,B,C,D",来源：理论知识测试内容（参考）
多选,述责述廉重点是（）。,执行政治纪律和政治规矩情况,履行管党治党责任情况,推进党风廉政建设和反腐败工作情况,执行廉洁纪律情况,,"A,B,C,D",来源：理论知识测试内容（参考）
多选,有下列（）情形，依照《中国共产党纪律处分条例》，应当从重或者加重处分。,拒不上交或者退赔违纪所得的,强迫、唆使他人违纪的,违纪受处分后又因故意违纪应当受到党纪处分的,违纪受到党纪处分后，又被发现其受处分前的违纪行为,,"A,B,C,D",来源：理论知识测试内容（参考）
多选,人民法院依照法律规定独立行使审判权，不受（）的干涉。,检察机关,行政机关,社会团体,个人,,"B,C,D",来源：理论知识测试内容（参考）
多选,政务处分的种类为（）。,警告,记过,记大过,降级,撤职,"A,B,C,D,E,F",来源：理论知识测试内容（参考）
多选,地方各级人民代表大会...保证（）在本行政区域的实施。,地方性法规,宪法,法律,行政法规,,"B,C,D",来源：理论知识测试内容（参考）
多选,公务员职务任命必须具备的三个条件是（）。,有相应的权限,有职数,有编制,有相应的职位空缺,,"B,C,D",来源：理论知识测试内容（参考）
多选,新时代十年，党中央把全面从严治党纳入“四个全面”战略布局，（）。,刀刃向内,刮骨疗毒,猛药祛疴,重典治乱,,"A,B,C,D",来源：理论知识测试内容（参考）
多选,公务员的基本义务包括（）。,忠于宪法,忠于国家,忠于人民,忠于职守,保守国家秘密,"A,B,C,D,E,F,G",来源：理论知识测试内容（参考）
多选,根据《关于新形势下党内政治生活的若干准则》的规定，下列说法正确的有（）。,组织和领导干部要自觉接受同级党委领导,纪律严明是全党统一意志的重要保障,坚决同一切违反党的纪律的行为作斗争,党内不准搞拉拉扯扯、吹吹拍拍,,"A,B,C,D",来源：理论知识测试内容（参考）
多选,《中国共产党廉洁自律准则》修订工作坚持的基本原则包括（）。,坚持以党章为遵循,坚持依规治党与以德治党相结合,坚持问题导向,坚持实践,,"A,B,C",来源：理论知识测试内容（参考）
多选,完善基本公共服务制度体系，加强（）民生建设。,普惠性,基础性,保障性,兜底性,,"A,B,D",来源：理论知识测试内容（参考）
多选,完善（）等重点群体就业支持体系、健全终身职业技能培训制度。,高校毕业生,灵活就业人员,农民工,退役军人,,"A,C,D",来源：理论知识测试内容（参考）
填空,党的初心和使命是为中国人民____、为中华民族____。,,,,,谋幸福，谋复兴,来源：理论知识测试内容（参考）,
填空,党的领导核心作用是____。,,,,,总揽全局、协调各方,来源：理论知识测试内容（参考）,
填空,21世纪，中国共产党的三大历史任务是____、____、____。,,,,,推进现代化建设、完成祖国统一、维护世界和平与促进共同发展,来源：理论知识测试内容（参考）,
填空,“五位一体”总体布局是统筹推进经济建设、政治建设、文化建设、____、____。,,,,,社会建设、生态文明建设,来源：理论知识测试内容（参考）,
填空,“四个全面”战略布局是全面建设社会主义现代化国家、全面深化改革、____、____。,,,,,全面依法治国、全面从严治党,来源：理论知识测试内容（参考）,
填空,“两个一百年”奋斗目标是到建党一百年时，全面建成____；到新中国成立一百年时，全面建成____。,,,,,小康社会，社会主义现代化强国,来源：理论知识测试内容（参考）,
填空,新发展理念是创新发展、协调发展、____、开放发展、共享发展。,,,,,绿色发展,来源：理论知识测试内容（参考）,
填空,党的领导制度是我国的____。,,,,,根本制度,来源：理论知识测试内容（参考）,
填空,“两个维护”是坚决维护____，坚决维护____。,,,,,习近平总书记党中央的核心、全党的核心地位，以习近平同志为核心的党中央权威和集中统一领导,来源：理论知识测试内容（参考）,
填空,“两个确立”是确立____，确立____。,,,,,习近平同志党中央的核心、全党的核心地位，习近平新时代中国特色社会主义思想的指导地位,来源：理论知识测试内容（参考）,
填空,“四个意识”是政治意识、大局意识、____、____。,,,,,核心意识、看齐意识,来源：理论知识测试内容（参考）,
填空,“四个自信”是道路自信、理论自信、____、____。,,,,,制度自信、文化自信,来源：理论知识测试内容（参考）,
填空,实现中华民族伟大复兴是中国共产党的____。,,,,,历史使命,来源：理论知识测试内容（参考）,
填空,党面临的“四大危险”是精神懈怠危险、能力不足危险、____、____。,,,,,脱离群众危险、消极腐败危险,来源：理论知识测试内容（参考）,
填空,党面临的“四大考验”是执政考验、改革开放考验、____、____。,,,,,市场经济考验、外部环境考验,来源：理论知识测试内容（参考）,
填空,中国共产党的象征和标志是____。,,,,,党徽、党旗,来源：理论知识测试内容（参考）,
填空,党的“群众路线”是一切为了群众，一切依靠群众，____，把党的正确主张变为群众的自觉行动。,,,,,从群众中来、到群众中去,来源：理论知识测试内容（参考）,
填空,“四风”问题是形式主义、官僚主义、____和____。,,,,,享乐主义，奢靡之风,来源：理论知识测试内容（参考）,
填空,合格党员的“四个合格”是政治合格、执行纪律合格、____、____。,,,,,品德合格、发挥作用合格,来源：理论知识测试内容（参考）,
填空,党的“六大纪律”是政治纪律、组织纪律、廉洁纪律、____、____、____。,,,,,群众纪律、工作纪律、生活纪律,来源：理论知识测试内容（参考）,
填空,党执政后的最大危险是____。,,,,,脱离群众,来源：理论知识测试内容（参考）,
填空,中国共产党三大优良作风是理论联系实际、____、____。,,,,,密切联系群众、批评和自我批评,来源：理论知识测试内容（参考）,
填空,跳出治乱兴衰历史周期率的第二个答案是____。,,,,,自我革命,来源：理论知识测试内容（参考）,
填空,党的根本宗旨是____。,,,,,全心全意为人民服务,来源：理论知识测试内容（参考）,
填空,政治“三力”具体是政治判断力、____、____。,,,,,政治领悟力、政治执行力,来源：理论知识测试内容（参考）,
填空,“____”是我们党民主集中制原则的首要内容。,,,,,四个服从,来源：理论知识测试内容（参考）,
填空,____是党的生命线和根本工作路线。,,,,,群众路线,来源：理论知识测试内容（参考）,
填空,党最大的政治优势是什么____。,,,,,密切联系群众,来源：理论知识测试内容（参考）,
填空,党的三大法宝是____、____、____。,,,,,统一战线、武装斗争、党的建设,来源：理论知识测试内容（参考）,
填空,在所有党的纪律和规矩中，第一位的是____。,,,,,政治纪律和政治规矩,来源：理论知识测试内容（参考）,
填空,我们党强身治病、保持肌体健康的锐利武器是____。,,,,,批评和自我批评,来源：理论知识测试内容（参考）,
填空,____是最深层次的认同，是民族团结之根、民族和睦之魂。,,,,,文化认同,来源：理论知识测试内容（参考）,
填空,中国梦的本质是____、____、____。,,,,,国家富强、民族振兴、人民幸福,来源：理论知识测试内容（参考）,
填空,共产党人首要的政治品质是____。,,,,,对党忠诚,来源：理论知识测试内容（参考）,
填空,党的思想路线是一切从实际出发，理论联系实际，____，在实践中检验真理和发展真理。,,,,,实事求是,来源：理论知识测试内容（参考）,
填空,____是我国经济发展的根本保证。,,,,,加强党对经济工作的全面领导,来源：理论知识测试内容（参考）,
填空,主动适应、把握、引领经济发展新常态，着力推进____。,,,,,供给侧结构性改革,来源：理论知识测试内容（参考）,
填空,中国特色社会主义制度的最大优势是____。,,,,,中国共产党领导,来源：理论知识测试内容（参考）,
填空,进入新时代，我国社会主要矛盾是____。,,,,,人民日益增长的美好生活需要和不平衡不充分的发展之间的矛盾,来源：理论知识测试内容（参考）,
填空,乡村振兴“五大振兴”是产业振兴、人才振兴、文化振兴、____、____。,,,,,生态振兴、组织振兴,来源：理论知识测试内容（参考）,
填空,新时代党的治疆方针是依法治疆、团结稳疆、文化润疆、____、____。,,,,,富民兴疆、长期建疆,来源：理论知识测试内容（参考）,
填空,“五个认同”是对伟大祖国的认同、对中华民族的认同、对中华文化的认同、____、____。,,,,,对中国共产党的认同、对中国特色社会主义的认同,来源：理论知识测试内容（参考）,
填空,兵团精神的主要内涵是热爱祖国、无私奉献、____、____。,,,,,艰苦创业、开拓进取,来源：理论知识测试内容（参考）,
填空,兵团的“三大功能”是____、____、____。,,,,,安边固疆的稳定器、凝聚各族群众的大熔炉、发展先进生产力和先进文化的示范区,来源：理论知识测试内容（参考）,
填空,兵团的“四大作用”是调节社会结构、推动文化交流、____、____。,,,,,促进区域协调、优化人口资源,来源：理论知识测试内容（参考）,
填空,习近平总书记指出，要持续深化改革，加强维稳能力建设，不断增强兵团的____和____，更好发挥特殊作用。,,,,,组织优势，动员能力,来源：理论知识测试内容（参考）,
填空,党的二十届三中全会的主题是____。,,,,,进一步全面深化改革、推进中国式现代化,来源：理论知识测试内容（参考）,
填空,____是党和人民事业大踏步赶上时代的重要法宝。,,,,,改革开放,来源：理论知识测试内容（参考）,
填空,进一步全面深化改革要贯彻“六个坚持”是坚持党的全面领导、坚持以人民为中心、坚持守正创新、____、____、____。,,,,,坚持以制度建设为主线、坚持全面依法治国、坚持系统观念,来源：理论知识测试内容（参考）,
填空,进一步全面深化改革，要以____为出发点和落脚点。,,,,,促进社会公平正义、增进人民福祉,来源：理论知识测试内容（参考）,
填空,进一步全面深化改革的总目标是____。,,,,,继续完善和发展中国特色社会主义制度，推进国家治理体系和治理能力现代化,来源：理论知识测试内容（参考）,
填空,____是中国式现代化的重大任务。,,,,,在发展中保障和改善民生,来源：理论知识测试内容（参考）,
填空,中国式现代化的基础性、战略性支撑是____。,,,,,教育、科技、人才,来源：理论知识测试内容（参考）,
填空,____、____、____、____、____是中国式现代化的重大原则。,,,,,坚持和加强党的全面领导、坚持中国特色社会主义道路、坚持以人民为中心的发展思想、坚持深化改革开放、坚持发扬斗争精神,来源：理论知识测试内容（参考）,
填空,中国式现代化的重要保障是____。,,,,,法治,来源：理论知识测试内容（参考）,
填空,老兵精神的内涵是____。,,,,,扎根新疆、热爱新疆、屯垦戍边,来源：理论知识测试内容（参考）,
填空,习近平总书记强调，“要始终把____摆在首位，加强____两方面工作的统筹结合。,,,,,维护社会稳定，抓稳定和促发展,来源：理论知识测试内容（参考）,
填空,坚持在____上推进国家治理体系和治理能力现代化。,,,,,法制轨道,来源：理论知识测试内容（参考）,
填空,____是党的基础性建设，____是思想建设的首要任务。,,,,,思想建设，坚定理想信念,来源：理论知识测试内容（参考）,
填空,____是党的思想建设的根本任务。,,,,,用党的创新理论武装全党,来源：理论知识测试内容（参考）,
填空,____是新时代党的民族工作的主线，也是民族地区各项工作的主线。,,,,,铸牢中华民族共同体意识,来源：理论知识测试内容（参考）,
填空,全面推进依法治国，是着眼于____、____的长远考虑。,,,,,实现中华民族伟大复兴中国梦、实现党和国家长治久安,来源：理论知识测试内容（参考）,
填空,党支部的职责是直接教育党员、管理党员、监督党员和____群众。,,,,,组织、宣传、凝聚、服务,来源：理论知识测试内容（参考）,
填空,对党员的纪律处分种类有____。,,,,,警告、严重警告、撤销党内职务、留党察看、开除党籍,来源：理论知识测试内容（参考）,
填空,“四不两直”是____。,,,,,不发通知、不打招呼、不听汇报、不用陪同接待、直奔基层、直插现场,来源：理论知识测试内容（参考）,
填空,不合格党员处置方式包括____。,,,,,限期改正、劝其退党、除名,来源：理论知识测试内容（参考）,
填空,党员交纳党费的基本要求主要包括____。,,,,,自觉、按时、足额,来源：理论知识测试内容（参考）,
填空,党员教育管理的首要政治任务是____。,,,,,用习近平新时代中国特色社会主义思想武装全党,来源：理论知识测试内容（参考）,
填空,____是创新的第一资源，也是我国实现民族振兴、赢得国际竞争主动的战略资源。,,,,,人才,来源：理论知识测试内容（参考）,
填空,表决必须有____以上有表决权的党员到会方可召开党员大会，赞成人数超过____的半数为通过。,,,,,半数，应到会有表决权的党员,来源：理论知识测试内容（参考）,
填空,作风问题本质上是____。,,,,,党性问题,来源：理论知识测试内容（参考）,
填空,中央八项规定的核心是____。,,,,,改进工作作风、密切联系群众,来源：理论知识测试内容（参考）,
填空,____是共产党人修身养性的必修课，也是共产党人的“心学”。,,,,,党性教育,来源：理论知识测试内容（参考）,
填空,____是党支部的议事决策机构。,,,,,党员大会,来源：理论知识测试内容（参考）,
填空,做好新时代人才工作，必须...坚持____，加强____。,,,,,党管人才，党对人才工作的全面领导,来源：理论知识测试内容（参考）,
填空,____是马克思主义政党的生命所系、力量所在。,,,,,先进性和纯洁性,来源：理论知识测试内容（参考）,
填空,生态环境是关系党的使命宗旨的____，也是关系民生的____。,,,,,重大政治问题，重大社会问题,来源：理论知识测试内容（参考）,
填空,办好中国的事情，关键在党，关键在____。,,,,,党要管党、全面从严治党,来源：理论知识测试内容（参考）,
填空,大自然抚养了人类，人类应该以自然为根，____。,,,,,尊重自然、顺应自然、保护自然,来源：理论知识测试内容（参考）,
填空,____是党的优势所在、力量所在。,,,,,严密的组织体系,来源：理论知识测试内容（参考）,
填空,党性、党风、党纪是有机整体，____是根本，____是表现，____是保障。,,,,,党性，党风，党纪,来源：理论知识测试内容（参考）,
填空,____是党组织的根本属性，____是党组织的根本功能。,,,,,政治属性，政治功能,来源：理论知识测试内容（参考）,
填空,____服务于政治功能，是发挥党组织政治功能的基础和保证。,,,,,组织功能,来源：理论知识测试内容（参考）,
填空,民主评议党员按照____、____、____的程序组织进行。,,,,,个人自评、党员互评、民主测评,来源：理论知识测试内容（参考）,
填空,中国共产党为什么能，中国特色社会主义为什么好，归根到底是____，是____。,,,,,马克思主义行，中国化时代化的马克思主义行,来源：理论知识测试内容（参考）,
填空,中国共产党的中心任务是团结带领全国各族人民全面建成社会主义现代化强国、实现____，以____全面推进中华民族伟大复兴。,,,,,第二个百年奋斗目标，中国式现代化,来源：理论知识测试内容（参考）,
填空,党的基层组织进行选举时，有选举权的到会人数不少于应到会人数的____，会议有效。,,,,,五分之四,来源：理论知识测试内容（参考）,
填空,党员受到开除党籍处分，____内不得重新入党。,,,,,5年,来源：理论知识测试内容（参考）,
填空,党员如果没有正当理由，连续____不参加党的组织生活...就被认为是自行脱党。,,,,,六个月,来源：理论知识测试内容（参考）,
填空,良好的生态环境是____，是____。,,,,,最公平的公共产品，最普惠的民生福祉,来源：理论知识测试内容（参考）,
填空,生态环境问题归根结底是____问题。,,,,,发展方式和生活方式,来源：理论知识测试内容（参考）,
填空,加快构建以____为主体、____相互促进的新发展格局。,,,,,国内大循环，国内国际双循环,来源：理论知识测试内容（参考）,
填空,坚定做到“两个不动摇”是坚持____不动摇，坚持____不动摇。,,,,,宪法确定的中国共产党领导地位，宪法确定的人民民主专政的国体和人民代表大会制度的政体,来源：理论知识测试内容（参考）,
填空,____是中国特色社会主义最本质的特征，是中国特色社会主义制度的最大优势，是社会主义法治最根本的保证。,,,,,党的领导,来源：理论知识测试内容（参考）,
填空,实施人才强国战略，实现由____向____转变，是形势发展的必然要求。,,,,,人口大国，人才强国,来源：理论知识测试内容（参考）,
填空,党员受留党察看处分期间，没有____。,,,,,表决权、选举权、被选举权,来源：理论知识测试内容（参考）,
填空,党要管党首先要从____管起，从严治党首先要从____严起。,,,,,党内政治生活，党内政治生活,来源：理论知识测试内容（参考）,
填空,党员的党龄从____之日算起。,,,,,预备期满转为正式党员,来源：理论知识测试内容（参考）,
填空,预备党员的预备期，从____之日算起。,,,,,支部大会通过其为预备党员,来源：理论知识测试内容（参考）,
填空,党的基层组织是党在社会基层组织中的____，是____。,,,,,战斗堡垒，党的全部工作和战斗力的基础,来源：理论知识测试内容（参考）,
简答,习近平法治思想的重大意义是什么？,,,,,习近平法治思想是习近平新时代中国特色社会主义思想的重要组成部分，是全面依法治国的根本遵循和行动指南，深刻回答了为什么要全面依法治国、怎样全面依法治国这个重大时代课题。,来源：理论知识测试内容（参考）,
简答,习近平法治思想的内容是哪些？,,,,,“十一个坚持”，即要坚持党对全面依法治国的领导；坚持以人民为中心；坚持中国特色社会主义法治道路；坚持依宪治国、依宪执政；坚持在法治轨道上推进国家治理体系和治理能力现代化；坚持建设中国特色社会主义法治体系；坚持依法治国、依法执政、依法行政共同推进，法治国家、法治政府、法治社会一体建设；坚持全面推进科学立法、严格执法、公正司法、全民守法；坚持统筹推进国内法治和涉外法治；坚持建设德才兼备的高素质法治工作队伍；坚持抓住领导干部这个“关键少数”。,来源：理论知识测试内容（参考）,
简答,中国新时期依法治国的“新十六字方针”是什么？,,,,,科学立法、严格执法、公正司法、全民守法。,来源：理论知识测试内容（参考）,
简答,“四个全面”战略布局是什么？,,,,,“四个全面”，即全面建设社会主义现代化国家、全面深化改革、全面依法治国、全面从严治党。,来源：理论知识测试内容（参考）,
简答,在“四个全面”战略布局中，具有基础性、保障性作用的是什么？,,,,,全面依法治国。,来源：理论知识测试内容（参考）,
简答,全面依法治国的关键是什么？,,,,,领导干部具体行使党的执政权和国家立法权、行政权、监察权、司法权，是全面依法治国的关键。,来源：理论知识测试内容（参考）,
简答,法治国家、法治政府、法治社会三者的关系是什么？,,,,,三者各有侧重、相辅相成，法治国家是法治建设的目标，法治政府是建设法治国家的重点，法治社会是构筑法治国家的基础。,来源：理论知识测试内容（参考）,
简答,什么是“放管服”改革？,,,,,“放管服”改革指的是“简政放权、放管结合、优化服务”改革。放：以简政放权放出活力和动力；管：以创新监管管出公平和秩序；服：以优化服务服出便利和品质。,来源：理论知识测试内容（参考）,
简答,“八项规定”什么时候出台？,,,,,2012年12月4日，中共中央政治局召开会议，审议通过中央八项规定。,来源：理论知识测试内容（参考）,
简答,“八项规定”主要内容有哪八个方面？,,,,,改进调查研究、精简会议活动、精简文件简报、规范出访活动、改进警卫工作、改进新闻报道、严格文稿发表、厉行勤俭节约。,来源：理论知识测试内容（参考）,
简答,什么是“中央八项规定精神”或中央八项规定精神的核心是什么？,,,,,中央八项规定精神实质是：厉行勤俭节约、反对奢侈浪费和奢靡之风、廉洁从政、工作作风务实等，与此相违背的，就是违反了中央八项规定精神。,来源：理论知识测试内容（参考）,
简答,党的“六大纪律”是什么？,,,,,党的纪律主要包括“六大纪律”，即：政治纪律、组织纪律、廉洁纪律、群众纪律、工作纪律、生活纪律。,来源：理论知识测试内容（参考）,
简答,“四风”是什么？,,,,,“四风”是指形式主义、官僚主义、享乐主义和奢靡之风。,来源：理论知识测试内容（参考）,
简答,这次学习教育开展范围和重点人员？,,,,,覆盖全体党员干部。 突出抓好新提拔干部、年轻干部、关键岗位干部。,来源：理论知识测试内容（参考）,
简答,此次学习教育重点任务？,,,,,一体推进学查改，一是深入学习习近平总书记关于加强党的作风建设的重要论述和中央八项规定及其实施细则精神，二是系统总结党的十八大以来深入贯彻中央八项规定精神的成效和经验，三是全面深入查找贯彻中央八项规定及其实施细则精神方面存在的问题，四是结合实际加强警示教育，扎实推进集中整治，有针对性完善相关制度规定。,来源：理论知识测试内容（参考）,
简答,这次学习教育16字要求什么？,,,,,聚焦主题、简约务实，不分批次、不划阶段。,来源：理论知识测试内容（参考）,
简答,此次学习教育的4项重点措施是什么？,,,,,四项重点措施是学习研讨、查摆问题、集中整治、开门教育。,来源：理论知识测试内容（参考）,
简答,此次学习教育意义？,,,,,是巩固深化主题教育和党纪学习教育成果、纵深推进全面从严治党的重要举措，是密切党群干群关系、巩固党的执政基础的必然要求，是推进中国式现代化的有力保障。,来源：理论知识测试内容（参考）,
简答,此次学习教育目的？,,,,,教育引导党员、干部锲而不舍贯彻八项规定精神，推动党的作风持续向好，推动党中央各项决策部署落到实处，为推进中国式现代化贡献智慧和力量。,来源：理论知识测试内容（参考）,
简答,为什么说“文化认同是最深层次的认同”？,,,,,文化是一个民族的魂魄，文化认同是民族团结的根脉。加强中华民族大团结，长远和根本的是增强文化认同，建设各民族共有精神家园，积极培养中华民族共同体意识。文化认同是最深层次的认同，是民族团结之根、民族和睦之魂。,来源：理论知识测试内容（参考）,
简答,为什么说“中华民族是多元一体的伟大民族”？,,,,,一部中国史，就是一部各民族交融汇聚成多元一体中华民族的历史，就是各民族共同缔造、发展、巩固统一的伟大祖国的历史。,来源：理论知识测试内容（参考）,
简答,为什么说铸牢中华民族共同体意识是巩固和发展平等团结互助和谐社会主义民族关系的必然要求？,,,,,只有铸牢中华民族共同体意识，才能增进各民族对中华民族的自觉认同，夯实我国民族关系发展的思想基础，推动中华民族成为认同度更高、凝聚力更强的命运共同体。,来源：理论知识测试内容（参考）,
简答,铸牢中华民族共同体意识“四个与共”的共同体理念是什么？,,,,,引导各族人民牢固树立休戚与共、荣辱与共、生死与共、命运与共的共同体理念。,来源：理论知识测试内容（参考）,
简答,社会主义核心价值观24字方针分别是什么？,,,,,国家层面的价值目标：富强、民主、文明、和谐，社会层面的价值取向：自由、平等、公正、法治，个人层面的价值准则：爱国、敬业、诚信、友善。,来源：理论知识测试内容（参考）,
简答,中央民族工作会议上提出的要正确把握“四个关系”是什么？,,,,,要正确把握共同性和差异性的关系；要正确把握中华民族共同体意识和各民族意识的关系；要正确把握中华文化和各民族文化的关系；要正确把握物质和精神的关系。,来源：理论知识测试内容（参考）,
简答,中国共产党的初心使命是什么？,,,,,为中国人民谋幸福，为中华民族谋复兴。,来源：理论知识测试内容（参考）,
简答,我国少数民族分布的特点是？,,,,,小聚居、大杂居，各民族相互之间交错居住，分布范围广。,来源：理论知识测试内容（参考）,
简答,中华民族命运共同体的本质特征是什么？,,,,,中华民族各民族是一荣俱荣、一损俱损的命运共同体，在历史发展中逐步形成了你中有我、我中有你、谁也离不开谁的多元一体格局。,来源：理论知识测试内容（参考）,
简答,“五个认同”的内容是什么？,,,,,对伟大祖国的认同、对中华民族的认同、对中华文化的认同、对中国共产党的认同、对中国特色社会主义的认同。,来源：理论知识测试内容（参考）,
简答,“三个离不开”的内容是什么？,,,,,汉族离不开少数民族、少数民族离不开汉族、各少数民族之间相互离不开。,来源：理论知识测试内容（参考）,
简答,中国特色社会主义最本质的特征和制度最大的优势是什么？,,,,,中国特色社会主义最本质的特征是中国共产党的领导，中国特色社会主义制度最大的优势是中国共产党的领导。,来源：理论知识测试内容（参考）,
简答,我国社会主义建设的根本任务？,,,,,进一步解放生产力，发展生产力，逐步实现社会主义现代化，并且为此而改革生产关系和上层建筑中不适应生产力发展的方面和环节。,来源：理论知识测试内容（参考）,
简答,党的性质？,,,,,中国共产党是中国工人阶级的先锋队，同时是中国人民和中华民族的先锋队，是中国特色社会主义事业的领导核心，代表中国先进生产力的发展要求，代表中国先进文化的前进方向，代表中国最广大人民的根本利益。,来源：理论知识测试内容（参考）,
简答,总体国家安全观。,,,,,必须坚持国家利益至上，以人民安全为宗旨，以政治安全为根本，统筹外部安全和内部安全、国土安全和国民安全、传统安全和非传统安全、自身安全和共同安全，完善国家安全制度体系，加强国家安全能力建设，坚决维护国家主权、安全、发展利益。,来源：理论知识测试内容（参考）,
简答,中国共产党的建设必须坚决实现的六项基本要求是什么？,,,,,第一，坚持党的基本路线；第二，坚持解放思想，实事求是，与时俱进，求真务实；第三，坚持新时代党的组织路线；第四，坚持全心全意为人民服务；第五，坚持民主集中制；第六，坚持从严管党治党。,来源：理论知识测试内容（参考）,
简答,中国共产党的中心任务是什么？,,,,,党的二十大报告强调，从现在起，中国共产党的中心任务就是团结带领全国各族人民全面建成社会主义现代化强国、实现第二个百年奋斗目标，以中国式现代化全面推进中华民族伟大复兴。,来源：理论知识测试内容（参考）,
简答,党的二十届三中全会指出，进一步全面深化改革的总目标是？,,,,,继续完善和发展中国特色社会主义制度，推进国家治理体系和治理能力现代化。到2035年，全面建成高水平社会主义市场经济体制，中国特色社会主义制度更加完善，基本实现国家治理体系和治理能力现代化，基本实现社会主义现代化，为到本世纪中叶全面建成社会主义现代化强国奠定坚实基础。,来源：理论知识测试内容（参考）,
简答,“两个维护”是什么？,,,,,坚决维护习近平总书记党中央的核心、全党的核心地位，坚决维护以习近平同志为核心的党中央权威和集中统一领导。,来源：理论知识测试内容（参考）,
简答,“两个确立”是什么？,,,,,确立习近平同志党中央的核心、全党的核心地位，确立习近平新时代中国特色社会主义思想的指导地位。,来源：理论知识测试内容（参考）,
简答,“四个意识”是什么？,,,,,政治意识、大局意识、核心意识、看齐意识。,来源：理论知识测试内容（参考）,
简答,“四个自信”是什么？,,,,,道路自信、理论自信、制度自信、文化自信。,来源：理论知识测试内容（参考）,
简答,贯穿习近平新时代中国特色社会主义思想的立场观点和方法的“六个必须坚持”是什么？,,,,,必须坚持人民至上、必须坚持自信自立、必须坚持守正创新、必须坚持问题导向、必须坚持系统观念、必须坚持胸怀天下。,来源：理论知识测试内容（参考）,
简答,新时代党的建设总要求,,,,,新时代党的建设总要求是：坚持和加强党的全面领导，坚持党要管党、全面从严治党，以加强党的长期执政能力建设、先进性和纯洁性建设为主线，以党的政治建设为统领，以坚定理想信念宗旨为根基，以调动全党积极性、主动性。,来源：理论知识测试内容（参考）,
简答,党的建设的六项基本要求,,,,,第一，坚持党的基本路线; 第二，坚持解放思想，实事求是与时俱进，求真务实; 第三，坚持新时代党的组织路线; 第四，坚持全心全意为人民服务; 第五，坚持民主集中制; 第六，坚持从严管党治党。,来源：理论知识测试内容（参考）,
简答,乡村振兴的“五大振兴”指的是什么？,,,,,乡村振兴是包括产业振兴、人才振兴、文化振兴、生态振兴、组织振兴的全面振兴。,来源：理论知识测试内容（参考）,
简答,乡村振兴战略“三步走”指的是什么？,,,,,到2020年，乡村振兴取得重要进展，制度框架和政策体系基本形成；到2035年，乡村振兴取得决定性进展，农业农村现代化基本实现；到2050年，乡村全面振兴，农业强、农村美、农民富全面实现。,来源：理论知识测试内容（参考）,
简答,中国特色社会主义乡村振兴道路的七条“之路”指的是什么？,,,,,必须重塑城乡关系，走城乡融合发展之路；必须巩固和完善农村基本经营制度，走共同富裕之路；必须深化农业供给侧结构性改革，走质量兴农之路；必须坚持人与自然和谐共生，走乡村绿色发展之路；必须传承发展提升农耕文明，走乡村文化兴盛之路；必须创新乡村治理体系，走乡村善治之路；必须打好精准脱贫攻坚战，走中国特色减贫之路。,来源：理论知识测试内容（参考）,
简答,实施乡村振兴战略基本原则是什么？,,,,,坚持党管农村工作；坚持农业农村优先发展；坚持农民主体地位；坚持乡村全面振兴；坚持城乡融合发展；坚持人与自然和谐共生；坚持改革创新、激发活力；坚持因地制宜、循序渐进。,来源：理论知识测试内容（参考）,
简答,习近平生态文明思想的主要内容集中体现哪些方面?,,,,,坚持党对生态文明建设的全面领导;坚持生态兴则文明兴;坚持人与自然和谐共生;坚持绿水青山就是金山银山;坚持良好生态环境是最普惠的民生福祉;坚持绿色发展是发展观的深刻革命;坚持统筹山水林田湖草沙系统治理;坚持用最严格制度最严密法治保护生态环境;坚持把建设美丽中国转化为全体人民自觉行动;坚持共谋全球生态文明建设之路。,来源：理论知识测试内容（参考）,
简答,党支部的职责是什么？,,,,,直接教育党员、管理党员、监督党员和组织群众、宣传群众、凝聚群众、服务群众。,来源：理论知识测试内容（参考）,
