题型,题目,选项A,选项B,选项C,选项D,选项E,答案,解析
单选,"“十五五”时期经济社会发展，必须坚持以（）为根本动力？",扩大内需,高水平对外开放,改革创新,传统要素驱动,,C,"来源：理论知识测试内容（二）"
单选,"全会强调，“十五五”时期推动经济发展，需要实现（）？",量的快速提升和质的合理增长,质的快速提升和量的合理增长,速度与质量并重,投资与消费同步增长,,B,"来源：理论知识测试内容（二）"
单选,"以下哪一项不属于“十五五”时期经济社会发展必须遵循的原则是（）？",坚持党的全面领导,坚持高速增长优先,坚持统筹发展和安全,坚持有效市场和有为政府相结合,,B,"来源：理论知识测试内容（二）"
单选,"党的二十届四中全会指出，实现社会主义现代化是一个（）递进、不断发展进步的历史过程。",互动式,螺旋式,阶梯式,渗透式,,C,"来源：理论知识测试内容（二）"
单选,"全会指出，“十五五”时期是基本实现社会主义现代化（）的关键时期。",统筹布局、重点突破,系统谋划、精准施策,夯实基础、全面发力,筑牢根基、激发动能,,C,"来源：理论知识测试内容（二）"
单选,"要围绕全面建成社会主义现代化强国、实现第二个百年奋斗目标，以( )全面推进中华民族伟大复兴。",中国式现代化,中国特色社会主义,全体人民共同富裕,中华民族伟大复兴,,A,"来源：理论知识测试内容（二）"
单选,"坚持以经济建设为中心，以( )为主题，以改革创新为根本动力。",推动高质量发展,改革创新,满足人民日益增长的美好生活,全面从严治党,,A,"来源：理论知识测试内容（二）"
单选,"关于“十五五”时期经济社会发展必须遵循的原则，下列说法不正确的是( )。",坚持人民至上,坚持全面深化改革,坚持高质量发展,坚持总体国家安全观,,D,"来源：理论知识测试内容（二）"
单选,"党的二十届四中全会提出了“十五五”时期经济社会发展的主要目标，下列表述不正确的是( )。",高质量发展取得显著成效,科技自立自强水平大幅提高,进一步全面依法治国取得新突破,社会文明程度明显提升,,C,"来源：理论知识测试内容（二）"
单选,"坚持把发展经济的着力点放在实体经济上，坚持( )方向。",数字化、高端化、平台化,精细化、规范化、标准化,智能化、绿色化、融合化,产业化、网络化、全球化,,C,"来源：理论知识测试内容（二）"
单选,"加快建设制造强国、质量强国、航天强国、交通强国、网络强国，保持( )合理比重。",服务业,制造业,信息业,金融业,,B,"来源：理论知识测试内容（二）"
单选,"抓住新一轮科技革命和产业变革历史机遇，统筹( )建设，提升国家创新体系整体效能。",交通强国、网络强国、信息强国,教育强国、科技强国、人才强国,制造强国、质量强国、航天强国,产业强国、网络强国、人才强国,,B,"来源：理论知识测试内容（二）"
单选,"全面增强自主创新能力，抢占科技发展制高点，不断催生( )。",新质生产力,现代化产业,绿色驱动力,数字经济,,A,"来源：理论知识测试内容（二）"
单选,"坚持( )这个战略基点，坚持惠民生和促消费、投资于物和投资于人紧密结合。",改善民生,扩大内需,放宽限制,科技创新,,B,"来源：理论知识测试内容（二）"
单选,"要大力提振消费，扩大有效投资，坚决破除阻碍( )建设卡点堵点。",全国统一大市场,区域一体化市场,国家高标准市场,公共资源交易市场,,A,"来源：理论知识测试内容（二）"
单选,"坚持和完善社会主义基本经济制度，更好发挥( )牵引作用，完善宏观经济治理体系。",社会体制改革,政治体制改革,经济体制改革,文化体制改革,,C,"来源：理论知识测试内容（二）"
单选,"要充分激发各类经营主体活力，加快完善( )体制机制，提升宏观经济治理效能。",资源统一化调控,资源动态化调控,要素标准化配置,要素市场化配置,,D,"来源：理论知识测试内容（二）"
单选,"稳步扩大( )，维护多边贸易体制，拓展国际循环。",制度型开放,流动型开放,高水平开放,高标准开放,,A,"来源：理论知识测试内容（二）"
单选,"要积极扩大自主开放，推动贸易创新发展，拓展双向投资合作空间，高质量共建( )。",全球发展综合体,“一带一路”,命运共同体,经济全球化,,B,"来源：理论知识测试内容（二）"
单选,"坚持（）作为全党工作重中之重，促进城乡融合发展，持续巩固拓展脱贫攻坚成果。",解决好“三农”问题,农业农村优先发展,提升乡村产业发展水平,确保国家粮食安全,,A,"来源：理论知识测试内容（二）"
单选,"要增强区域发展( )，促进区域联动发展，优化国土空间发展格局。",前瞻性,全局性,主动性,协调性,,D,"来源：理论知识测试内容（二）"
单选,"要弘扬和践行( )，大力繁荣文化事业，加快发展文化产业，提升中华文明传播力影响力。",新发展理念,社会主义核心价值观,中华传统美德,大同社会理念,,B,"来源：理论知识测试内容（二）"
单选,"坚持尽力而为、量力而行，加强( )民生建设，解决好人民群众急难愁盼问题。",科学性、规范性、先进性,长期性、有效性、针对性,根本性、全局性、战略性,普惠性、基础性、兜底性,,D,"来源：理论知识测试内容（二）"
单选,"要促进( )，完善收入分配制度，办好人民满意的教育，健全社会保障体系。",高标准完全就业,高水平充分就业,高质量充分就业,高起点完全就业,,C,"来源：理论知识测试内容（二）"
单选,"推动房地产高质量发展，加快建设健康中国，促进人口高质量发展，稳步推进基本公共服务( )。",均等化,优质化,可及化,社会化,,A,"来源：理论知识测试内容（二）"
单选,"牢固树立和践行绿水青山就是金山银山的理念，以( )为牵引，协同推进降碳、减污、扩绿、增长。",巴黎协定,碳达峰碳中和,国家自主贡献,生态保护红线,,B,"来源：理论知识测试内容（二）"
单选,"坚定不移贯彻( )，走中国特色社会主义社会治理之路，确保社会生机勃勃又井然有序。",全球治理倡议,全球安全倡议,总体国家安全观,总体社会治理观,,C,"来源：理论知识测试内容（二）"
单选,"要健全国家安全体系，加强( )国家安全能力建设，提高公共安全治理水平。",关键地带,核心环节,重点领域,全局方面,,C,"来源：理论知识测试内容（二）"
单选,"坚持党对人民军队绝对领导，贯彻军委主席负责制,按照国防和军队现代化( )。",“两步走”战略,新“两步走”战略,“三步走”战略,新“三步走”战略,,D,"来源：理论知识测试内容（二）"
单选,"贯彻习近平强军思想，贯彻新时代军事战略方针，加快( )融合发展。",自动化数字化绿色化,机械化信息化智能化,现代化规范化市场化,集成化多元化协同化,,B,"来源：理论知识测试内容（二）"
单选,"要加快( )建设，推进军事治理现代化，巩固提高一体化国家战略体系和能力。",装备现代化,联合作战力,先进战斗力,信息压制力,,C,"来源：理论知识测试内容（二）"
单选,"坚持以党的( )引领社会革命，持之以恒推进全面从严治党。",自我净化,自我完善,自我提升,自我革命,,D,"来源：理论知识测试内容（二）"
单选,"要坚持和加强( )，推进社会主义民主法治建设，充分调动全社会投身中国式现代化建设。",正风肃纪反腐,党中央集中统一领导,解决大党独有难题,引领伟大社会革命,,B,"来源：理论知识测试内容（二）"
单选,"坚定不移推动高质量发展，加快构建新发展格局，更好统筹( )。",短期和长期,整体和局部,发展和安全,风险和挑战,,C,"来源：理论知识测试内容（二）"
单选,"( )越有效，经济社会发展的保障就越有力。",深化改革,管党治党,民生改善,法治建设,,B,"来源：理论知识测试内容（二）"
单选,"必须以( )的坚韧和执着，持之以恒推进全面从严治党。",砥砺前行、接续奋斗,愚公移山,永远在路上,滴水穿石,,C,"来源：理论知识测试内容（二）"
单选,"要切实抓好民生保障，加强稳岗促就业工作，解决好人民群众( )。",操心事烦心事揪心事,急难愁盼问题,痛点难点堵点,关键小事与头等大事,,B,"来源：理论知识测试内容（二）"
单选,"党的二十届四中全会部署了12项“十五五”时期重点任务，下列表述不正确的是( )。",建设现代化产业体系,加快高水平科技自立自强,建设强大国际市场,加快构建高水平社会主义市场经济体制,,C,"来源：理论知识测试内容（二）"
单选,"习近平指出，( )是高质量发展的战略支撑。",高水平科技自立自强,现代化产业体系,适宜的宏观政策和制度环境,教育科技人才一体发展,,A,"来源：理论知识测试内容（二）"
单选,"习近平指出，要把( )作为根本价值取向，坚持在发展中保障和改善民生。",乡村振兴,造福人民,脱贫攻坚,促进就业,,B,"来源：理论知识测试内容（二）"
单选,"在加强基础研究、提高自主创新特别是( )能力上持续用力。",原始创新,二次创新,协同创新,区域创新,,A,"来源：理论知识测试内容（二）"
单选,"无论外部环境怎么变化，都要( )。",提高发展质量和韧性,妥善防范化解风险,全面贯彻新发展理念,集中力量办好自己的事,,D,"来源：理论知识测试内容（二）"
单选,"《建议》共有( )，分为三大板块。",10个部分、30条,12个部分、42条,15个部分、61条,18个部分、70条,,C,"来源：理论知识测试内容（二）"
单选,"《中共中央关于制定国民经济和社会发展第十五个五年规划的建议》明确把“( )”摆在战略任务的第一条。",加快高水平科技自立自强,加大保障和改善民生力度,建设强大国内市场,建设现代化产业体系,,D,"来源：理论知识测试内容（二）"
单选,"总结“十四五”时期我国发展取得重大成就，下列说法不正确的是( )。",经济运行稳中有进,科技创新成果丰硕,全面深化改革进一步推进,全方位人民民主深入发展,,D,"来源：理论知识测试内容（二）"
单选,"关于我国面临的国际环境，下列说法不正确的是( )。",世界百年变局加速演进,世界变乱交织、动荡加剧,单边主义、保护主义抬头,国际经济贸易秩序遇到严峻挑战，世界经济增长动能强劲,,D,"来源：理论知识测试内容（二）"
单选,"关于我国面临的国内环境，下列说法不正确的是( )。",发展不平衡不充分问题仍然突出,有效需求不足,生态环境变化给经济发展、社会治理等提出新课题,就业和居民收入增长压力较大,,C,"来源：理论知识测试内容（二）"
单选,"在( )中拓展发展空间，推动经济和社会协调发展、物质文明和精神文明相得益彰。",增强战略定力,满足民生需求,推进民族复兴,全面深化改革,,B,"来源：理论知识测试内容（二）"
单选,"以( )引领发展，因地制宜发展新质生产力，做强国内大循环。",新发展理念,数字化理念,网络化理念,融合化理念,,A,"来源：理论知识测试内容（二）"
单选,"构建统一、开放、竞争、有序的市场体系，建设( )。",低碳经济、循环经济,平台经济、共享经济,法治经济、信用经济,绿色经济、开放经济,,C,"来源：理论知识测试内容（二）"
单选,"习近平总书记关于党的自我革命的重要思想深刻回答了我们党( )的重大问题。",为什么能自我革命,为什么要自我革命,怎样推进自我革命,以上都是,,B,"来源：理论知识测试内容（参考）"
单选,"中国化时代化的马克思主义的“魂脉”和“根脉”是( )。",马克思主义和中华优秀传统文化,共产主义社会理想和“天下大同”理想,全人类共同价值和社会主义核心价值观,共产主义远大理想和中国特色社会主义共同理想,,A,"来源：理论知识测试内容（参考）"
单选,"把培育和践行( )作为凝魂聚气、强基固本的基础工程。",社会主义荣辱观,民族精神和时代精神,社会主义核心价值观,中国特色社会主义共同理想,,C,"来源：理论知识测试内容（参考）"
单选,"( )是马克思主义的本质属性，人民立场是中国共产党的根本政治立场。",人民性,革命性,时代性,实践性,,A,"来源：理论知识测试内容（参考）"
单选,"健全社会工作体制机制，加强党建引领基层治理，加强( )建设。",基层干部队伍,社会工作者队伍,村社后备人才队伍,村社书记队伍,,B,"来源：理论知识测试内容（参考）"
单选,"在深入推进党的自我革命实践中需要把握好九个问题，以( )为战略目标。",解决大党独有难题,跳出历史周期率,锻造坚强组织、建设过硬队伍,健全全面从严治党体系,,D,"来源：理论知识测试内容（参考）"
单选,"守正，守的是( )。",马克思主义在意识形态领域指导地位的根本制度,“两个结合”的根本要求,中国共产党的文化领导权,以上都是,,D,"来源：理论知识测试内容（参考）"
单选,"( )是共产党区别于其他任何政党的显著标志，是使党的路线、方针得以顺利贯彻的根本保证。",调查研究,三大作风,两个务必,纪律严明,,B,"来源：理论知识测试内容（参考）"
单选,"加强基础研究，归根结底要靠( )。",体制机制,国际合作平台,学科建设布局,高水平人才,,D,"来源：理论知识测试内容（参考）"
单选,"( )，是我们党把握历史主动、紧跟时代步伐、不断开创事业发展新局面的成功之道。",毫不动摇坚持马克思主义,大力推进实践基础上的理论创新,自觉用中国化时代化的马克思主义指导新的实践,以上都是,,D,"来源：理论知识测试内容（参考）"
单选,"文化( )是文化自信的根本依托。",整体性,主体性,连续性,统一性,,B,"来源：理论知识测试内容（参考）"
单选,"党中央统筹( )战略全局和世界百年未有之大变局。",中华民族伟大建设,中华民族伟大发展,中华民族伟大改革,中华民族伟大复兴,,D,"来源：理论知识测试内容（参考）"
单选,"保障我国粮食安全的关键在于( )。",健全种粮农民收益保障机制,推进农业供给侧结构性改革,落实藏粮于地、藏粮于技战略,完善主产区利益补偿制度,,C,"来源：理论知识测试内容（参考）"
单选,"发现党员严重违纪涉嫌违法犯罪的，原则上先作出党纪处分决定，并按照规定由( )给予政务处分。",任免机关（单位）,监察机关,审判机关,检察机关,,B,"来源：理论知识测试内容（参考）"
单选,"利用职权或者职务上的影响，( )，情节较轻的，给予警告或者严重警告处分。",侵占非本人经管的公私财物,以象征性地支付钱款等方式侵占公私财物,无偿、象征性地支付报酬接受服务,以上都是,,D,"来源：理论知识测试内容（参考）"
单选,"经过不懈努力，国际社会逐步建立起包括( )在内的多层次反恐怖主义法律制度体系。",国际性、区域性公约,多边、双边条约和协定,国内法,以上都是,,D,"来源：理论知识测试内容（参考）"
单选,"把正确处理人民内部矛盾作为我国政治生活的主题，其根本着眼点是( )。",调动一切积极因素为社会主义建设服务,扩大社会主义民主,维护社会稳定,消除社会矛盾,,A,"来源：理论知识测试内容（参考）"
单选,"对违纪后下落不明的党员，下落不明时间超过( )的，党组织应当按照党章规定对其予以除名。",六个月,一年,六个月,一年,,A,"来源：理论知识测试内容（参考）"
单选,"党员依法受到( )责任追究的，党组织应当...依照本《条例》规定给予党纪处分。",民事,刑事,民事,刑事,,B,"来源：理论知识测试内容（参考）"
单选,"关于文化在社会主义现代化建设中的重要作用，下列说法正确的有( )。",统筹推进总体布局,推动高质量发展,满足人民日益增长的美好生活需要,以上都是,,D,"来源：理论知识测试内容（参考）"
单选,"毛泽东同志就以( )的壮志豪情，立下拯救民族于危难的远大志向。",“为中华之崛起而读书”,“险夷不变应尝胆，道义争担敢息肩”,“自信人生二百年，会当水击三千里”,“更坚决的把我的身子交给我们的党”"C"
单选,"组织、参加反对党的基本理论...的集会...对策划者、组织者和骨干分子，给予( )处分。",严重警告,撤销党内职务,留党察看,开除党籍,,D,"来源：理论知识测试内容（参考）"
单选,"读懂中国，关键要读懂( )。",强国建设,第二个百年奋斗目标,民族复兴,中国式现代化,,D,"来源：理论知识测试内容（参考）"
单选,"新时代“枫桥经验”最突出的特点是( )。",加强社会治理的顶层设计,最大限度把矛盾风险防范化解在基层,把人文关怀和心理疏导有机结合起来,有效发挥政府的主导作用,,B,"来源：理论知识测试内容（参考）"
单选,"改革开放的鲜明特征和首要任务是( )。",解放和发展社会生产力,形成更加成熟更加定型的制度,处理好政府和市场的关系,促进社会公平正义、增进人民福祉,,A,"来源：理论知识测试内容（参考）"
单选,"关于新时代十年来取得的历史性成就，下列表述错误的是( )。",谷物总产量稳居世界首位,制造业规模、外汇储备稳居世界第一,全社会研发经费支出跃居世界第一,建成世界最大的高速铁路网,,C,"来源：理论知识测试内容（参考）"
单选,"以下属于违反有关规定干预和插手市场经济活动的行为有( )项？",2项,3项,4项,5项,,D,"来源：理论知识测试内容（参考）"
单选,"我们要锚定( )年建成文化强国的战略目标。",2030,2035,2030,2035,,D,"来源：理论知识测试内容（参考）"
单选,"2025年4月15日是第( )个全民国家安全教育日。",八,八,十,十,,C,"来源：理论知识测试内容（参考）"
单选,"习近平总书记深刻阐释经济与文化的辩证关系，提出( )。",“推动高质量发展，文化是重要支点”,做好经济工作必须“敬畏历史、敬畏文化、敬畏生态”,“文化很发达的地方，经济照样走在前面”,以上都是,,D,"来源：理论知识测试内容（参考）"
单选,"紧扣“首要任务”，( )；用好“重要法宝”，( )；坚持“民生为大”，( )。",强调着力点、阐明路径、心系人民,强调着力点、心系人民、凝聚力量,阐明路径、强调着力点、心系人民,阐明路径、强调着力点、凝聚力量,,C,"来源：理论知识测试内容（参考）"
单选,"社会工作一定要加强。习近平总书记多次强调要坚持好、发展好新时代( )。",“浦江经验”,“浦江经验”,“枫桥经验”,“枫桥经验”,,C,"来源：理论知识测试内容（参考）"
单选,"2024年，中国经济“( )”。",前高、中低、后扬,前低、中高、后扬,前高、中低、后扬,前低、中高、后扬,,C,"来源：理论知识测试内容（参考）"
单选,"坚持聚焦主题、简约务实，( )，一体推进学查改。",分批次、划阶段,分批次、划阶段,不分批次、不划阶段,不分批次、不划阶段,,C,"来源：理论知识测试内容（参考）"
单选,"决定将( )纳入健康中国行动。",健康体重管理行动,健康乡村建设行动,中医药健康促进行动,以上都是,,D,"来源：理论知识测试内容（参考）"
单选,"2025年( )是第56个世界地球日。",6月5日,6月5日,4月22日,4月22日,,D,"来源：理论知识测试内容（参考）"
单选,"“一平”指田块平整，“两通”指( )。",通电通网,通水通路,通水通电,通路通网,,B,"来源：理论知识测试内容（参考）"
单选,"当前全党上下正在开展( )学习教育。",深入贯彻中央八项规定精神,党纪,深入贯彻中央八项规定精神,党纪,,A,"来源：理论知识测试内容（参考）"
单选,"习近平文化思想...是党的十八大以来马克思主义文化理论中国化时代化的( )成果。",初步,重大,重大,初步,,B,"来源：理论知识测试内容（参考）"
单选,"以下关于党管媒体的表述，不正确的是( )。",只管党直接掌握的媒体,要把党管媒体的原则贯彻到新媒体领域,所有从事新闻信息服务平台要纳入管理,从业人员要实行准入管理,,A,"来源：理论知识测试内容（参考）"
单选,"是我们民族有一脉相承的( )。",自我发展、回应挑战,自我发展、回应挑战,自我发展、回应挑战、开创新局,自我发展、回应挑战、开创新局,,D,"来源：理论知识测试内容（参考）"
单选,"在新时代，党的新闻舆论工作的职责和使命是( )。",①③④⑤⑥,①②③⑤⑥,①②③④⑤,①②③④⑤⑥,,D,"来源：理论知识测试内容（参考）"
单选,"( )，是新时代坚持和发展中国特色社会主义的根本立场。",以改革为动力,以创新为驱动,以人民为中心,以开放为导向,,C,"来源：理论知识测试内容（参考）"
单选,"增强工作的( )，切实把学习成效转化为推动文化建设高质量发展的强大动力。",原则性、系统性、预见性、创造性,原则性、系统性、预见性、适应性,适应性、系统性、灵活性、创造性,原则性、灵活性、预见性、创造性,,A,"来源：理论知识测试内容（参考）"
单选,"发展文化事业是满足( )、保障( )的基本途径。",人民文化权益,人民精神文化需求,人民消费权益,人民娱乐休闲需求,,B,"来源：理论知识测试内容（参考）"
单选,"( )年10月，党中央召开( )，正式提出并系统阐述了习近平文化思想。",2018,2023,2018,2023,,D,"来源：理论知识测试内容（参考）"
单选,"努力做习近平文化思想的( )。",①②,①③,②③,①②③,,D,"来源：理论知识测试内容（参考）"
单选,"习近平总书记指出：“我们推进马克思主义中国化时代化的根本途径是‘( )’。”",两个结合,第二个结合,十个明确,四个全面,,A,"来源：理论知识测试内容（参考）"
单选,"只有坚持( )，才能确保新闻舆论工作始终有明确的立场和指向。",市场导向,党性原则,新闻自由,媒体融合,,B,"来源：理论知识测试内容（参考）"
单选,"坚持用习近平文化思想( )，是...全面推进新时代中国特色社会主义事业的必然要求。",武装头脑、指导实践,武装头脑、指导实践、推动工作,武装头脑、指导实践,武装头脑、指导实践、推动工作,,C,"来源：理论知识测试内容（参考）"
单选,"要坚持( )相结合，把习近平文化思想放在党的理论发展的历史脉络中来学习。",历史和现实,理论和实际,国际和国内,①②③,,D,"来源：理论知识测试内容（参考）"
单选,"中国特色社会主义文化，源自于( )，熔铸于( )，植根于( )。",①②③,①③②,②①③,②③①,,C,"来源：理论知识测试内容（参考）"
单选,"坚持守正创新，发展( )，弘扬( )，传承( )。",①②③,②①③,①③②,②③①,,B,"来源：理论知识测试内容（参考）"
单选,"要深入推进( )。始终坚持零容忍，把中央八项规定作为铁规矩。",风腐同查,风腐同查,风腐同查同治,风腐同查同治,,B,"来源：理论知识测试内容（参考）"
单选,"改作风涉及方方面面，其中形成好的( )是检视作风建设成效的重要标尺。",话风学风家风,会风民风家风,学风会风民风,文风会风话风,,D,"来源：理论知识测试内容（参考）"
单选,"各地区各部门要从作风建设( )的政治高度，认真抓好《条例》的学习宣传贯彻。",①②,①③,②③,①②③,,D,"来源：理论知识测试内容（参考）"
单选,"进一步全面深化改革的总目标是“( )”。",推进国家治理体系和治理能力现代化,推进国家治理体系和治理能力现代化,继续完善和发展中国特色社会主义制度,继续完善和发展中国特色社会主义制度,,C,"来源：理论知识测试内容（参考）"
单选,"( )是中国式现代化的重要保障。",教育、科技、人才,城乡融合发展,发展全过程人民民主,高水平社会主义市场经济体制,,D,"来源：理论知识测试内容（参考）"
单选,"实施( )的人才政策，完善人才自主培养机制。",更加积极、更加开放、更加有效,更加积极、更加开放、更加有效,更加积极、更加开放,更加积极、更加开放,,B,"来源：理论知识测试内容（参考）"
单选,"推进( )，重点推进财政预算、公共资源配置、重大建设项目批准和实施等。",①②③④⑤,①②④⑤,①③④⑤,②③④⑤,,A,"来源：理论知识测试内容（参考）"
单选,"必须坚持把全面依法治国摆在( )位置。",全局性、战略性,全局性、战略性,全局性、战略性、基础性、保障性,全局性、战略性、基础性、保障性,,C,"来源：理论知识测试内容（参考）"
单选,"习近平总书记强调：“推进全面依法治国，根本目的是( )。”",实现依法执政,促进经济社会发展,提高党治国理政水平,依法保障人民权益,,D,"来源：理论知识测试内容（参考）"
单选,"健全党和国家监督体系，以( )为主导。",人大监督,民主监督,行政监督,党内监督,,D,"来源：理论知识测试内容（参考）"
单选,"要系统学习中国特色社会主义法治理论...首要的是学习( )。",同自己所担负的领导工作密切相关的法律法规,民法典,宪法,刑法,,C,"来源：理论知识测试内容（参考）"
单选,"( )是法治建设的目标，( )是建设法治国家的主体。",①②③,①③②,③①②,③②①,,D,"来源：理论知识测试内容（参考）"
单选,"( )是全面依法治国的根本保证。",群众路线,党的领导,民主集中制,人民当家作主,,B,"来源：理论知识测试内容（参考）"
单选,"坚持问题导向、目标导向，树立( )和( )。",历史思维,辩证思维,历史思维,辩证思维,,B,"来源：理论知识测试内容（参考）"
单选,"要深入推进平安乡村建设...依法严厉打击( )的违法犯罪活动。",危害农村稳定、侵害农民利益和农村黑恶势力,侵害农民利益、破坏农业生产和农村黑恶势力,危害农村稳定、破坏农业生产和农村黑恶势力,危害农村稳定、破坏农业生产和侵害农民利益,,D,"来源：理论知识测试内容（参考）"
单选,"“衡量一个社会制度是否科学、是否先进，主要看( )。”",①②,①③,②③,①②③,,D,"来源：理论知识测试内容（参考）"
单选,"形成完备的( )、高效的法治实施体系...形成完善的( )。",法律规范体系,法律规范体系,规章制度体系,规章制度体系,,A,"来源：理论知识测试内容（参考）"
单选,"我国法治建设的成就...归结起来就是( )这一条。",开辟了中国特色社会主义法治道路,基本形成全面依法治国总体格局,完善中国特色社会主义法律体系,基本建成法治国家、法治政府、法治社会,,A,"来源：理论知识测试内容（参考）"
单选,"我国宪法( )，这是我国宪法最显著的特征。",确立了国家的根本任务、指导思想,确认了中国共产党领导,规定了一系列基本政治制度,规定了国家一系列大政方针,,B,"来源：理论知识测试内容（参考）"
单选,"确保严格按照( )行使权力，坚持用法治保护人民群众的合法权益。",权限,法定权限,权限和程序,法定权限和程序,,D,"来源：理论知识测试内容（参考）"
单选,"依法加强网络空间治理，要把( )作为基础性手段。",依法治网,依法管网,依法办网,依法上网,,A,"来源：理论知识测试内容（参考）"
单选,"全面推进依法治国的总抓手是( )。",依宪治国、依宪执政,建设中国特色社会主义法治体系,推进国家治理体系和治理能力现代化,全面深化改革,,B,"来源：理论知识测试内容（参考）"
单选,"我国生态文明建设发生( )变化，创造了举世瞩目的生态奇迹。",历史性、整体性、格局性,历史性、整体性、格局性,历史性、转折性、全局性,历史性、转折性、全局性,,C,"来源：理论知识测试内容（参考）"
单选,"习近平总书记指出：“抓生态文明建设，( )。”",既要靠自律，也要靠他律,既要靠物质，也要靠精神,既要靠治标，也要靠治本,既要靠教育，也要靠制度,,B,"来源：理论知识测试内容（参考）"
单选,"要加快构建( )的能源体系，立足我国能源资源禀赋。",清洁低碳安全高效,清洁低碳先进高效,清洁低碳安全可靠,节约低碳安全高效,,A,"来源：理论知识测试内容（参考）"
单选,"( )是人类社会最基本的关系。",人与社会的关系,人与自然的关系,保护与开发的关系,资源与环境的关系,,B,"来源：理论知识测试内容（参考）"
单选,"积极培育( )，让天蓝地绿水清深入人心。",生态文化、生态道德,生态理论、生态技术,生态文化、生态技术,生态理论、生态道德,,A,"来源：理论知识测试内容（参考）"
单选,"持续打好( )保卫战。",森林、碧水、净土,蓝天、森林、净土,蓝天、碧水、森林,蓝天、碧水、净土,,D,"来源：理论知识测试内容（参考）"
多选,"习近平总书记从哪些方面对加快建设文化强国作出部署？",坚定不移走中国特色社会主义文化发展道路,着力激发全民族文化创新创造活力,始终坚持文化建设着眼于人、落脚于人,在创造性转化和创新性发展中赓续中华文脉,不断提升国家文化软实力和中华文化影响力,"A,B,C,D","来源：理论知识测试内容（参考）"
多选,"加快建设农业强国规划提出加快建设（）的农业强国。",供给保障强,科技装备强,经营体系强,产业韧性强,竞争能力强,"A,B,C,D","来源：理论知识测试内容（参考）"
多选,"推动文化繁荣、建设文化强国，要传承和弘扬中华优秀传统文化。以下相关说法中正确的有（）。",中华优秀传统文化是我们在世界文化激荡中站稳脚跟的根基,对历史文化要全部予以继承,关键是推动中华优秀传统文化创造性转化、创新性发展,要坚持古为今用、推陈出新,,,"A,C,D","来源：理论知识测试内容（参考）"
多选,"我们要从巩固党的执政地位...加强国家文化软实力建设，不断提高（）。",国际传播影响力,中华文化感召力,中国形象亲和力,中国话语说服力,国际舆论引导力,"A,B,C,D,E","来源：理论知识测试内容（参考）"
多选,"习近平文化思想蕴含一系列重大创新观点，包括（）。",坚持党的文化领导权,推动物质文明和精神文明协调发展,坚持“两个结合”,担负新时代的文化使命,坚定文化自信,"A,B,C,D,E,F,G","来源：理论知识测试内容（参考）"
多选,"习近平总书记指出：“铸牢中华民族共同体意识，就是要引导各族人民牢固树立（）的共同体理念。”",休戚与共,荣辱与共,生死与共,命运与共,,"A,B,C,D","来源：理论知识测试内容（参考）"
多选,"习近平总书记强调，弘扬爱国主义精神，（）。",必须把爱国主义教育作为永恒主题,必须坚持爱国主义和社会主义相统一,必须维护祖国统一和民族团结,必须尊重和传承中华民族历史和文化,必须坚持立足民族又面向世界,"A,B,C,D,E","来源：理论知识测试内容（参考）"
多选,"要坚持以正确舆论引导人，做到所有工作都（）。",有利于坚持中国共产党领导和我国社会主义制度,有利于推动改革发展,有利于增进全国各族人民团结,有利于维护社会和谐稳定,,"A,B,C,D","来源：理论知识测试内容（参考）"
多选,"习近平文化思想...吸收和发展了中华优秀传统文化中（）等重要价值理念。",关于文以载道、文以化人,关于民族大义、家国情怀,关于道德教化、伦理规范,关于人文素养、美学精神,关于文化交流、文明共生,"A,B,C,D,E","来源：理论知识测试内容（参考）"
多选,"社会主义先进文化是党领导人民在（）中国特色社会主义的历史进程中创造的文化。",探索,开创,坚持,发展,,"A,B,C,D","来源：理论知识测试内容（参考）"
多选,"要把纠治（）摆在更加突出位置。",形式主义,官僚主义,享乐主义,奢靡之风,,"A,B","来源：理论知识测试内容（参考）"
多选,"关于违规吃喝问题，以下有关说法正确的有（）。",违规吃喝是无伤大雅的小事小节,违规吃喝是促进发展的润滑剂,违规吃喝是可能产生权力寻租和利益输送的温床,不能把“业务需要”作为违规吃喝的挡箭牌,,"C,D","来源：理论知识测试内容（参考）"
多选,"关于中央八项规定，以下相关说法正确的有（）。",是一个切入口和动员令,党的十九大后制定的第一部重要党内法规,中央八项规定精神适用范围更加广泛,各地各部门制定的规定均属于细则,从规定到精神体现了决心和成效,"A,C,D,E","来源：理论知识测试内容（参考）"
多选,"全会鲜明提出“（）”，既是推进中国式现代化的发力点，也是进一步全面深化改革的着力点。",聚焦构建高水平社会主义市场经济体制,聚焦发展全过程人民民主,聚焦建设社会主义文化强国,聚焦提高人民生活品质,聚焦建设美丽中国,"A,B,C,D,E,F,G","来源：理论知识测试内容（参考）"
多选,"以“六个坚持”深刻总结改革开放以来特别是新时代全面深化改革的宝贵经验——“（）”。",坚持党的全面领导,坚持以人民为中心,坚持守正创新,坚持以制度建设为主线,坚持全面依法治国,"A,B,C,D,E,F","来源：理论知识测试内容（参考）"
多选,"发展以（）为特征的生产力。",高技术,高效能,高质量,高产量,,"A,B,C","来源：理论知识测试内容（参考）"
多选,"要在全社会树立法律权威...培育社会成员（）的良好环境。",办事依法,遇事找法,解决问题用法,化解矛盾靠法,,"A,B,C,D","来源：理论知识测试内容（参考）"
多选,"加快建设（）的法治政府。",职能科学,权责法定,执法严明,公开公正,智能高效,"A,B,C,D,E,F,G","来源：理论知识测试内容（参考）"
多选,"每个领导干部都要牢固树立...（）等基本法治观念。",权由法定,以言代法,权依法使,以权压法,,"A,C","来源：理论知识测试内容（参考）"
多选,"习近平总书记强调：“全面依法治国是一个系统工程...更加注重（）。”",系统性,整体性,时代性,协同性,,"A,B,D","来源：理论知识测试内容（参考）"
多选,"要完善（）的社会治理体制。",党委领导,政府负责,社会协同,公众参与,法治保障,"A,B,C,D,E","来源：理论知识测试内容（参考）"
多选,"群防群治和（）是枫桥创造的基层治理经验。",省级领导下访接访,小事不出村,大事不出镇,矛盾不上交,,"B,C,D","来源：理论知识测试内容（参考）"
多选,"（），这三个方面实质上是中国特色社会主义法治道路的核心要义。",坚持党的领导,坚持有法可依,坚持中国特色社会主义制度,贯彻中国特色社会主义法治理论,,"A,C,D","来源：理论知识测试内容（参考）"
多选,"（），始终是我们党立于不败之地的强大根基。",促进社会公平正义,维护宪法法律权威,坚持人民当家作主,充分调动人民积极性,,"C,D","来源：理论知识测试内容（参考）"
多选,"体现中华民族生态文化的名句有：____。",“天下大同”,“道法自然”,“劝君莫打三春鸟，儿在巢中望母归”,“一粥一饭，当思来处不易”,,"B,C,D","来源：理论知识测试内容（参考）"
多选,"走（）的绿化发展之路。",科学,高速,生态,节俭,,"A,C,D","来源：理论知识测试内容（参考）"
多选,"要按照（）的原则，开展节约型机关...等创建行动。",系统推进,广泛参与,突出重点,分类施策,,"A,B,C,D","来源：理论知识测试内容（参考）"
多选,"习近平生态文明思想...对生态文明建设的（）等作出全面谋划。",总体思路,重大原则,目标任务,建设路径,,"A,B,C,D","来源：理论知识测试内容（参考）"
多选,"以下哪几项属于有时代特色、为生态文明事业不懈奋斗的精神？",焦裕禄精神,右玉沙地造林精神,红旗渠精神,八步沙林场“六老汉”精神,塞罕坝精神,"A,B,D,E","来源：理论知识测试内容（参考）"
多选,"“四个结构”是指____。",产业结构,能源结构,运输结构,消费结构,用地结构,"A,B,C,E","来源：理论知识测试内容（参考）"
多选,"人与自然的关系是人类社会最基本的关系。以下选项正确的有：____。",自然是生命之母,人类应该以自然为根,人类可以凌驾于自然之上,人类对大自然的伤害不会伤及人类自身,,"A,B","来源：理论知识测试内容（参考）"
多选,"推进生态环境保护宣传教育（），引导全社会树立生态文明意识。",进学校,进家庭,进社区,进工厂,进机关,"A,B,C,D,E","来源：理论知识测试内容（参考）"
多选,"深刻把握习近平生态文明思想的（）。",科学性和真理性,人民性和实践性,先进性和纯洁性,开放性和时代性,,"A,B,D","来源：理论知识测试内容（参考）"
多选,"努力把“一带一路”建设成为（）。",和平之路,繁荣之路,开放之路,绿色之路,创新之路,"A,B,C,D,E,F","来源：理论知识测试内容（参考）"
多选,"以下哪几项属于党的十八大以来习近平总书记亲自谋划、亲自部署、亲自推动的区域重大战略？",京津冀协同发展,长江经济带发展,粤港澳大湾区建设,长三角一体化发展,黄河流域生态保护和高质量发展,"A,B,C,D,E","来源：理论知识测试内容（参考）"
多选,"保护环境是每个人的责任，人人都应该做______。",批评家,践行者,仲裁者,推动者,,"B,D","来源：理论知识测试内容（参考）"
多选,"习近平生态文明思想...集中体现为：...（）。",坚持人与自然和谐共生,坚持绿水青山就是金山银山,坚持良好生态环境是最普惠的民生福祉,坚持绿色发展是发展观的深刻革命,坚持统筹山水林田湖草沙系统治理,"A,B,C,D,E,F","来源：理论知识测试内容（参考）"
多选,"在（）等方面的要求日益增长。",民主,法治,公平,正义,安全,"A,B,C,D,E,F","来源：理论知识测试内容（参考）"
多选,"社会主义不同于资本主义就在于社会主义的首要价值是（）、（）。",提高劳动效率,体现公平正义,实现共同富裕,提高经济效益,,"B,C","来源：理论知识测试内容（参考）"
多选,"加大对（）的财政支持力度。",革命老区,民族地区,边疆地区,欠发达地区,,"A,B,C,D","来源：理论知识测试内容（参考）"
多选,"什么是当今世界的潮流？答案只有一个，那就是（）。",和平,发展,合作,共赢,,"A,B,C,D","来源：理论知识测试内容（参考）"
多选,"违反民主集中制原则，有下列行为之一的...（）。",拒不执行或者擅自改变党组织作出的重大决定,违反议事规则个人或者少数人决定重大问题,故意规避集体决策,借集体决策名义集体违规,,"A,B,C,D","来源：理论知识测试内容（参考）"
多选,"有下列行为之一，对直接责任者和领导责任者...（）。",公款旅游,改变公务行程，借机旅游,参加所管理企业考察活动，借机旅游,,,,"A,B,C","来源：理论知识测试内容（参考）"
多选,"党的纪律处分条例应遵循的原则____。",坚持党要管党、全面从严治党,党纪面前一律平等,实事求是,民主集中制,惩前毖后、治病救人,"A,B,C,D,E","来源：理论知识测试内容（参考）"
多选,"有下列情形之一的，应该从重或加重处分。",主动交代本人应当受到党纪处分的问题,强迫、唆使他人违纪,违纪受处分后又因故意违纪应当受党纪处分,主动上缴或者退赔违纪所得,,"B,C","来源：理论知识测试内容（参考）"
多选,"党员犯罪，有下列情形之一的，应当给予开除党籍处分。",党员行为造成损失或者后果是有不可抗力原因所引起,因故意犯罪被依法判处刑法规定的主刑,被单处或者附加剥夺政治权利,因过失犯罪被判处三年以上有期徒刑,,"B,C,D","来源：理论知识测试内容（参考）"
多选,"违背社会公序良俗可能会受到哪种情形的处分。",警告或严重警告处分,撤销党内职务或留党察看处分,不受党纪处分,开除党籍处分,,"A,B,D","来源：理论知识测试内容（参考）"
多选,"党组织和党员必须坚持初心使命，牢固树立____。",政治意识,大局意识,核心意识,看齐意识,,"A,B,C,D","来源：理论知识测试内容（参考）"
多选,"及时进行____让“红红脸、出出汗”成为常态。",警示教育,批评教育,责令检查、诫勉,谈话提醒,,"B,C,D","来源：理论知识测试内容（参考）"
多选,"根据情节严重程度，可以予以____。",改组,解散,重组,遣散,,"A,B","来源：理论知识测试内容（参考）"
多选,"____等依法改变原生效判决、裁定、决定等。",财政机关,监察机关,司法机关,行政机关,,"B,C,D","来源：理论知识测试内容（参考）"
多选,"党员受留党察看处分期间，没有哪些权利。",表决权,选举权,被选举权,发言权,,"A,B,C","来源：理论知识测试内容（参考）"
多选,"搞劳民伤财的____的，从重或者加重处分。",形象工程,政绩工程,面子工程,景观亮化工程,,"A,B","来源：理论知识测试内容（参考）"
多选,"落实党中央决策部署____，在政治上造成不良影响或者严重后果的。",不坚决,打折扣,搞变通,缺思考,,"A,B,C","来源：理论知识测试内容（参考）"
多选,"这个“理想信念”，就是____。”",马克思主义信仰,共产主义远大理想,中国特色社会主义共同理想,,,,"A,B,C","来源：理论知识测试内容（参考）"
多选,"我国社会主义初级阶段的含义是（）",我国还处在社会主义过渡的新时期,我国已经是社会主义,我国正处于向共产主义过渡的新时期,我国的社会主义还处在初级阶段,,"B,D","来源：理论知识测试内容（参考）"
多选,"社会主义社会的主要特征有（）",剥削制度的消灭和公有制为主体,按劳分配,大力发展社会主义市场经济,实行无产阶级专政,,"A,B,C,D","来源：理论知识测试内容（参考）"
多选,"经济文化相对落后的国家建设社会主义之所以是长期的和艰巨的，是因为（）",商品经济不发达，生产力落后,封建主义传统长，缺乏近代民主的传统,受到资本主义列强的遏制和扼杀,马克思主义执政党对规律的探索是一个过程,,"A,B,C,D","来源：理论知识测试内容（参考）"
多选,"中国共产党战胜敌人的三大法宝是（）。",统一战线,反对机会主义,党的建设,武装斗争,,"A,C,D","来源：理论知识测试内容（参考）"
多选,"中国共产党在长期的革命斗争中形成了优良的作风，主要是（）",坚持党的工人阶级先锋队性质,理论与实际相结合,密切联系群众,批评与自我批评,,"B,C,D","来源：理论知识测试内容（参考）"
多选,"被称为中国共产党历史上的两个伟大转折点是（）。",八七会议,遵义会议,十一届三中全会,瓦窑堡会议,,"B,C","来源：理论知识测试内容（参考）"
多选,"关于邓小平理论的表述中，正确的表述有（）。",是对毛泽东思想的继承和发展,是改造了的马克思主义,是对当今时代特征所做的新的科学判断,是党和人民实践经验和集体智慧的结晶,,"A,C,D","来源：理论知识测试内容（参考）"
多选,"科学发展观体现了中国共产党对客观规律的认识进一步深化，包括（）。",共产党执政规律,社会主义建设规律,人类社会发展规律,自然辩证法规律,,"A,B,C","来源：理论知识测试内容（参考）"
多选,"发展之所以成为中国共产党执政兴国的第一要务，是因为（）。",发展是坚持党的先进性的要求,发展决定着中国的前途和命运,发展是社会主义本质的要求,发展是实现全面建成小康社会目标的要求,,"A,B,C,D","来源：理论知识测试内容（参考）"
多选,"确保如期全面建成（）、实现第一个百年奋斗目标，为开启全面建设（）国家新征程奠定坚实基础。",小康社会,社会主义社会,发达国家,社会主义现代化,,"A,D","来源：理论知识测试内容（参考）"
多选,"（）、（）不是一阵子的事，而是一辈子的事。",不忘初心,经济发展,牢记使命,社会进步,,"A,C","来源：理论知识测试内容（参考）"
多选,"不忘初心、牢记使命，说到底是（）、（）的问题。",为什么人,靠什么人,初心,耐心,,"A,B,C","来源：理论知识测试内容（参考）"
多选,"毛泽东在党的七届二中全会上提出，务必使同志们保持（）。",密切联系群众的作风,实事求是的作风,谦虚、谨慎、不骄、不躁的作风,艰苦奋斗的作风,自我批评的作风,"C,D","来源：理论知识测试内容（参考）"
多选,"我们党立志于（），责任无比重大、使命无上光荣。",中华民族千秋伟业,人类和平与发展,实现全面小康,建设人类命运共同体,,"A,B","来源：理论知识测试内容（参考）"
多选,"我们隆重庆祝中国共产党成立（）、中华人民共和国成立（），制定第（）个历史决议，号召全党（）伟大建党精神。",一百周年,七十周年,三,学习、践行,,"A,B,C,D","来源：理论知识测试内容（参考）"
多选,"十八大召开以来...三件大事：一是() , 二是（），三是（）。",迎来中国共产党成立一百周年,中国特色社会主义进入新时代,完成脱贫攻坚、全面建成小康社会的历史任务,已经实现中华民族伟大复兴,,"A,B,C","来源：理论知识测试内容（参考）"
多选,"实现建军一百年奋斗目标...要（）。",全面加强人民军队党的建设,全面加强练兵备战,全面加强军事治理,巩固提高一体化国家战略体系和能力,,"A,B,C,D","来源：理论知识测试内容（参考）"
多选,"统揽（）。",伟大斗争,伟大工程,伟大事业,伟大梦想,,"A,B,C,D","来源：理论知识测试内容（参考）"
多选,"建成世界上规模最大的（）、 ( )、（），人民群众获得感...更加充实。",教育体系,社会保障体系,医疗体系,法律体系,,"A,B,C","来源：理论知识测试内容（参考）"
多选,"要坚持（），加快建设教育强国、科技强国、人才强国。",教育优先发展,科技自立自强,人才引领驱动,创新驱动发展,,"A,B,C","来源：理论知识测试内容（参考）"
多选,"坚持（），加强同民主党派和无党派人士的团结合作。",长期共存,互相监督,肝胆相照,荣辱与共,,"A,B,C,D","来源：理论知识测试内容（参考）"
多选,"实施公民道德建设工程...推动（），提高人民道德水准和文明素养。",立政德,明大德,守公德,严私德,,"B,C,D","来源：理论知识测试内容（参考）"
多选,"完善个人所得税制度...（）。",保护合法收入,调节过高收入,扩大中等收入,取缔非法收入,,"A,B,D","来源：理论知识测试内容（参考）"
多选,"党的地方委员会...对本地区（）实行全面领导。",经济建设,政治建设,文化建设,社会建设和生态文明建设,,"A,B,C,D","来源：理论知识测试内容（参考）"
多选,"公职人员违反民主集中制原则...直接给予（）的政务处分。",警告,记过,记大过,撤职,,"A,B,C","来源：理论知识测试内容（参考）"
多选,"新形势下，党面临的（）是长期的、复杂的、严峻的。",执政考验,改革开放考验,市场经济考验,外部环境考验,,"A,B,C,D","来源：理论知识测试内容（参考）"
多选,"各级党组织应当...促使党的领导干部做到（）。",有权必有责,有责要担当,用权受监督,失责必追究,,"A,B,C,D","来源：理论知识测试内容（参考）"
多选,"违反有关规定组织、参加用公款支付的（），或者用公款购买...给予警告或者严重警告处分。",宴请,高消费娱乐,健身活动,公务接待,,"A,B,C","来源：理论知识测试内容（参考）"
多选,"弄虚作假，骗取（）的，给予警告或者严重警告处分。",职务,职级,职称,待遇,,"A,B,C,D","来源：理论知识测试内容（参考）"
多选,"公职人员在被立案审查期间，其所在机关...不得对其（）。",交流,晋升,奖励,处分,办理退休手续,"A,B,C,D,E","来源：理论知识测试内容（参考）"
多选,"《中国共产党问责条例》规定有（）情形之一的，可以不予问责或者免予问责。",及时采取补救措施，有效挽回损失的,在推进改革中因缺乏经验出现的失误,在集体决策中对错误决策提出明确反对意见的,在决策实施中因不可抗力造成损失的,,"B,C,D","来源：理论知识测试内容（参考）"
多选,"党委（党组）讨论决定干部任免事项，应当按照下列（）程序。",组织（人事）部门负责人逐个介绍情况,涉及破格提拔等事先报告,参加会议人员进行充分讨论,进行表决，以党委（党组）应到会成员超过半数同意形成决定,,"A,B,C,D","来源：理论知识测试内容（参考）"
多选,"述责述廉重点是（）。",执行政治纪律和政治规矩情况,履行管党治党责任情况,推进党风廉政建设和反腐败工作情况,执行廉洁纪律情况,,"A,B,C,D","来源：理论知识测试内容（参考）"
多选,"有下列（）情形，依照《中国共产党纪律处分条例》，应当从重或者加重处分。",拒不上交或者退赔违纪所得的,强迫、唆使他人违纪的,违纪受处分后又因故意违纪应当受到党纪处分的,违纪受到党纪处分后，又被发现其受处分前的违纪行为,,"A,B,C,D","来源：理论知识测试内容（参考）"
多选,"人民法院依照法律规定独立行使审判权，不受（）的干涉。",检察机关,行政机关,社会团体,个人,,"B,C,D","来源：理论知识测试内容（参考）"
多选,"政务处分的种类为（）。",警告,记过,记大过,降级,撤职,"A,B,C,D,E,F","来源：理论知识测试内容（参考）"
多选,"地方各级人民代表大会...保证（）在本行政区域的实施。",地方性法规,宪法,法律,行政法规,,"B,C,D","来源：理论知识测试内容（参考）"
多选,"公务员职务任命必须具备的三个条件是（）。",有相应的权限,有职数,有编制,有相应的职位空缺,,"B,C,D","来源：理论知识测试内容（参考）"
多选,"新时代十年，党中央把全面从严治党纳入“四个全面”战略布局，（）。",刀刃向内,刮骨疗毒,猛药祛疴,重典治乱,,"A,B,C,D","来源：理论知识测试内容（参考）"
多选,"公务员的基本义务包括（）。",忠于宪法,忠于国家,忠于人民,忠于职守,保守国家秘密,"A,B,C,D,E,F,G","来源：理论知识测试内容（参考）"
多选,"根据《关于新形势下党内政治生活的若干准则》的规定，下列说法正确的有（）。",组织和领导干部要自觉接受同级党委领导,纪律严明是全党统一意志的重要保障,坚决同一切违反党的纪律的行为作斗争,党内不准搞拉拉扯扯、吹吹拍拍,,"A,B,C,D","来源：理论知识测试内容（参考）"
多选,"《中国共产党廉洁自律准则》修订工作坚持的基本原则包括（）。",坚持以党章为遵循,坚持依规治党与以德治党相结合,坚持问题导向,坚持实践,,"A,B,C","来源：理论知识测试内容（参考）"
多选,"完善基本公共服务制度体系，加强（）民生建设。",普惠性,基础性,保障性,兜底性,,"A,B,D","来源：理论知识测试内容（参考）"
多选,"完善（）等重点群体就业支持体系、健全终身职业技能培训制度。",高校毕业生,灵活就业人员,农民工,退役军人,,"A,C,D","来源：理论知识测试内容（参考）"
填空,"“十五五”时期经济社会发展的主题是____，根本目的是____。",,,,,,"推动高质量发展，满足人民日益增长的美好生活需要","来源：理论知识测试内容（二）"
填空,"全会强调，必须统筹推进____总体布局，协调推进“四个全面”战略布局。",,,,,,"五位一体","来源：理论知识测试内容（二）"
填空,"“十五五”时期，要推动人的全面发展、全体人民____迈出坚实步伐，确保基本实现社会主义现代化取得____进展。",,,,,,"共同富裕，决定性","来源：理论知识测试内容（二）"
填空,"到2035年，我国人均国内生产总值达到____，基本实现____。",,,,,,"中等发达国家水平，社会主义现代化","来源：理论知识测试内容（二）"
填空,"学习好贯彻好全会精神，是当前和今后一个时期全党全国的____。要引导广大党员...统一到____上来。",,,,,,"一项重大政治任务，党中央决策部署","来源：理论知识测试内容（二）"
填空,"党的初心和使命是为中国人民____、为中华民族____。",,,,,,"谋幸福，谋复兴","来源：理论知识测试内容（参考）"
填空,"党的领导核心作用是____。",,,,,,"总揽全局、协调各方","来源：理论知识测试内容（参考）"
填空,"21世纪，中国共产党的三大历史任务是____、____、____。",,,,,,"推进现代化建设、完成祖国统一、维护世界和平与促进共同发展","来源：理论知识测试内容（参考）"
填空,"“五位一体”总体布局是统筹推进经济建设、政治建设、文化建设、____、____。",,,,,,"社会建设、生态文明建设","来源：理论知识测试内容（参考）"
填空,"“四个全面”战略布局是全面建设社会主义现代化国家、全面深化改革、____、____。",,,,,,"全面依法治国、全面从严治党","来源：理论知识测试内容（参考）"
填空,"“两个一百年”奋斗目标是到建党一百年时，全面建成____；到新中国成立一百年时，全面建成____。",,,,,,"小康社会，社会主义现代化强国","来源：理论知识测试内容（参考）"
填空,"新发展理念是创新发展、协调发展、____、开放发展、共享发展。",,,,,,"绿色发展","来源：理论知识测试内容（参考）"
填空,"党的领导制度是我国的____。",,,,,,"根本制度","来源：理论知识测试内容（参考）"
填空,"“两个维护”是坚决维护____，坚决维护____。",,,,,,"习近平总书记党中央的核心、全党的核心地位，以习近平同志为核心的党中央权威和集中统一领导","来源：理论知识测试内容（参考）"
填空,"“两个确立”是确立____，确立____。",,,,,,"习近平同志党中央的核心、全党的核心地位，习近平新时代中国特色社会主义思想的指导地位","来源：理论知识测试内容（参考）"
填空,"“四个意识”是政治意识、大局意识、____、____。",,,,,,"核心意识、看齐意识","来源：理论知识测试内容（参考）"
填空,"“四个自信”是道路自信、理论自信、____、____。",,,,,,"制度自信、文化自信","来源：理论知识测试内容（参考）"
填空,"实现中华民族伟大复兴是中国共产党的____。",,,,,,"历史使命","来源：理论知识测试内容（参考）"
填空,"党面临的“四大危险”是精神懈怠危险、能力不足危险、____、____。",,,,,,"脱离群众危险、消极腐败危险","来源：理论知识测试内容（参考）"
填空,"党面临的“四大考验”是执政考验、改革开放考验、____、____。",,,,,,"市场经济考验、外部环境考验","来源：理论知识测试内容（参考）"
填空,"中国共产党的象征和标志是____。",,,,,,"党徽、党旗","来源：理论知识测试内容（参考）"
填空,"党的“群众路线”是一切为了群众，一切依靠群众，____，把党的正确主张变为群众的自觉行动。",,,,,,"从群众中来、到群众中去","来源：理论知识测试内容（参考）"
填空,"“四风”问题是形式主义、官僚主义、____和____。",,,,,,"享乐主义，奢靡之风","来源：理论知识测试内容（参考）"
填空,"合格党员的“四个合格”是政治合格、执行纪律合格、____、____。",,,,,,"品德合格、发挥作用合格","来源：理论知识测试内容（参考）"
填空,"党的“六大纪律”是政治纪律、组织纪律、廉洁纪律、____、____、____。",,,,,,"群众纪律、工作纪律、生活纪律","来源：理论知识测试内容（参考）"
填空,"党执政后的最大危险是____。",,,,,,"脱离群众","来源：理论知识测试内容（参考）"
填空,"中国共产党三大优良作风是理论联系实际、____、____。",,,,,,"密切联系群众、批评和自我批评","来源：理论知识测试内容（参考）"
填空,"跳出治乱兴衰历史周期率的第二个答案是____。",,,,,,"自我革命","来源：理论知识测试内容（参考）"
填空,"党的根本宗旨是____。",,,,,,"全心全意为人民服务","来源：理论知识测试内容（参考）"
填空,"政治“三力”具体是政治判断力、____、____。",,,,,,"政治领悟力、政治执行力","来源：理论知识测试内容（参考）"
简答,"党的二十届四中全会审议通过了什么？",,,,,,"审议通过了《中共中央关于制定国民经济和社会发展第十五个五年规划的建议》。","来源：理论知识测试内容（二）"
简答,"党的二十届四中全会提出“十五五”时期经济社会发展的主要目标是什么？",,,,,,"高质量发展取得显著成效，科技自立自强水平大幅提高，进一步全面深化改革取得新突破，社会文明程度明显提升，人民生活品质不断提高，美丽中国建设取得新的重大进展，国家安全屏障更加巩固。","来源：理论知识测试内容（二）"
简答,"党的二十届四中全会指出，“十五五”时期经济社会发展必须遵循的原则是什么？",,,,,,"坚持党的全面领导，坚持人民至上，坚持高质量发展，坚持全面深化改革，坚持有效市场和有为政府相结合，坚持统筹发展和安全。","来源：理论知识测试内容（二）"
简答,"建设现代化产业体系，巩固壮大实体经济根基，要建设什么强国？",,,,,,"制造强国、质量强国、航天强国、交通强国、网络强国。","来源：理论知识测试内容（二）"
简答,"习近平法治思想的重大意义是什么？",,,,,,"习近平法治思想是习近平新时代中国特色社会主义思想的重要组成部分，是全面依法治国的根本遵循和行动指南，深刻回答了为什么要全面依法治国、怎样全面依法治国这个重大时代课题。","来源：理论知识测试内容（参考）"
简答,"习近平法治思想的内容是哪些？",,,,,,"“十一个坚持”，即要坚持党对全面依法治国的领导；坚持以人民为中心；坚持中国特色社会主义法治道路...坚持抓住领导干部这个“关键少数”。","来源：理论知识测试内容（参考）"
简答,"中国新时期依法治国的“新十六字方针”是什么？",,,,,,"科学立法、严格执法、公正司法、全民守法。","来源：理论知识测试内容（参考）"
简答,"“四个全面”战略布局是什么？",,,,,,"“四个全面”，即全面建设社会主义现代化国家、全面深化改革、全面依法治国、全面从严治党。","来源：理论知识测试内容（参考）"
简答,"在“四个全面”战略布局中，具有基础性、保障性作用的是什么？",,,,,,"全面依法治国。","来源：理论知识测试内容（参考）"
简答,"全面依法治国的关键是什么？",,,,,,"领导干部具体行使党的执政权和国家立法权、行政权、监察权、司法权，是全面依法治国的关键。","来源：理论知识测试内容（参考）"
简答,"法治国家、法治政府、法治社会三者的关系是什么？",,,,,,"三者各有侧重、相辅相成，法治国家是法治建设的目标，法治政府是建设法治国家的重点，法治社会是构筑法治国家的基础。","来源：理论知识测试内容（参考）"
简答,"什么是“放管服”改革？",,,,,,"“放管服”改革指的是“简政放权、放管结合、优化服务”改革。","来源：理论知识测试内容（参考）"
简答,"“八项规定”什么时候出台？",,,,,,"2012年12月4日，中共中央政治局召开会议，审议通过中央八项规定。","来源：理论知识测试内容（参考）"
简答,"“八项规定”主要内容有哪八个方面？",,,,,,"改进调查研究、精简会议活动、精简文件简报、规范出访活动、改进警卫工作、改进新闻报道、严格文稿发表、厉行勤俭节约。","来源：理论知识测试内容（参考）"
简答,"什么是“中央八项规定精神”？",,,,,,"中央八项规定精神实质是：厉行勤俭节约、反对奢侈浪费和奢靡之风、廉洁从政、工作作风务实等。","来源：理论知识测试内容（参考）"
简答,"党的“六大纪律”是什么？",,,,,,"党的纪律主要包括“六大纪律”，即：政治纪律、组织纪律、廉洁纪律、群众纪律、工作纪律、生活纪律。","来源：理论知识测试内容（参考）"
简答,"“四风”是什么？",,,,,,"“四风”是指形式主义、官僚主义、享乐主义和奢靡之风。","来源：理论知识测试内容（参考）"
简答,"这次学习教育开展范围和重点人员？",,,,,,"覆盖全体党员干部。 突出抓好新提拔干部、年轻干部、关键岗位干部。","来源：理论知识测试内容（参考）"
简答,"此次学习教育重点任务？",,,,,,"一体推进学查改，一是深入学习...二是系统总结...三是全面深入查找...四是结合实际加强警示教育...","来源：理论知识测试内容（参考）"
简答,"这次学习教育16字要求什么？",,,,,,"聚焦主题、简约务实，不分批次、不划阶段。","来源：理论知识测试内容（参考）"
简答,"此次学习教育的4项重点措施是什么？",,,,,,"四项重点措施是学习研讨、查摆问题、集中整治、开门教育。","来源：理论知识测试内容（参考）"
简答,"此次学习教育意义？",,,,,,"是巩固深化主题教育和党纪学习教育成果、纵深推进全面从严治党的重要举措，是密切党群干群关系...必然要求...有力保障。","来源：理论知识测试内容（参考）"
简答,"此次学习教育目的？",,,,,,"教育引导党员、干部锲而不舍贯彻八项规定精神，推动党的作风持续向好...","来源：理论知识测试内容（参考）"
